<?xml version="1.0" encoding="UTF-8"?><gpx creator="Wikiloc - https://www.wikiloc.com" version="1.1" xmlns="http://www.topografix.com/GPX/1/1" xmlns:xsi="http://www.w3.org/2001/XMLSchema-instance" xsi:schemaLocation="http://www.topografix.com/GPX/1/1 http://www.topografix.com/GPX/1/1/gpx.xsd"><metadata><name>Wikiloc - Cozumelito - Río Ramos - Allende, N.L.</name><author><name>La Cumbre Cotidiana</name><link href="https://www.wikiloc.com/wikiloc/user.do?id=4675508"><text>La Cumbre Cotidiana on Wikiloc</text></link></author><link href="https://www.wikiloc.com/hiking-trails/cozumelito-rio-ramos-allende-n-l-267590003"><text>Cozumelito - Río Ramos - Allende, N.L. on Wikiloc</text></link><time>2025-06-28T21:01:35.017Z</time></metadata><wpt lat="25.235877" lon="-100.066930"><ele>522.0</ele><time>2025-06-28T16:17:05Z</time><name>Cozumelito</name><cmt></cmt><desc></desc></wpt><wpt lat="25.231010" lon="-100.069681"><ele>521.0</ele><time>2025-06-28T16:45:23Z</time><name>La Playita</name><cmt></cmt><desc></desc></wpt><wpt lat="25.229893" lon="-100.073036"><ele>508.0</ele><time>2025-06-28T17:19:33Z</time><name>Media luna</name><cmt></cmt><desc></desc></wpt><wpt lat="25.228047" lon="-100.066733"><ele>497.0</ele><time>2025-06-28T17:59:17Z</time><name>Charco de las víboras</name><cmt></cmt><desc></desc></wpt><wpt lat="25.225570" lon="-100.059601"><ele>484.0</ele><time>2025-06-28T18:39:26Z</time><name>Estacionamiento Río Ramos</name><cmt></cmt><desc></desc></wpt><trk><name>Cozumelito - Río Ramos - Allende, N.L. - Wikiloc</name><cmt></cmt><desc></desc><trkseg><trkpt lat="25.225559" lon="-100.059585"><ele>495.766</ele><time>2025-06-28T16:17:05.001Z</time></trkpt><trkpt lat="25.225577" lon="-100.059636"><ele>495.329</ele><time>2025-06-28T16:19:30.001Z</time></trkpt><trkpt lat="25.225580" lon="-100.059586"><ele>494.921</ele><time>2025-06-28T16:19:39.001Z</time></trkpt><trkpt lat="25.225541" lon="-100.059611"><ele>494.709</ele><time>2025-06-28T16:20:02.001Z</time></trkpt><trkpt lat="25.225540" lon="-100.059677"><ele>494.358</ele><time>2025-06-28T16:20:08.001Z</time></trkpt><trkpt lat="25.225531" lon="-100.059726"><ele>493.692</ele><time>2025-06-28T16:20:12.001Z</time></trkpt><trkpt lat="25.225509" lon="-100.059777"><ele>493.173</ele><time>2025-06-28T16:20:16.001Z</time></trkpt><trkpt lat="25.225509" lon="-100.059839"><ele>493.031</ele><time>2025-06-28T16:20:22.001Z</time></trkpt><trkpt lat="25.225495" lon="-100.059889"><ele>493.085</ele><time>2025-06-28T16:20:26.001Z</time></trkpt><trkpt lat="25.225540" lon="-100.059900"><ele>493.066</ele><time>2025-06-28T16:20:31.001Z</time></trkpt><trkpt lat="25.225564" lon="-100.059853"><ele>493.116</ele><time>2025-06-28T16:21:09.001Z</time></trkpt><trkpt lat="25.225614" lon="-100.059831"><ele>493.186</ele><time>2025-06-28T16:21:41.001Z</time></trkpt><trkpt lat="25.225576" lon="-100.059862"><ele>493.139</ele><time>2025-06-28T16:22:19.001Z</time></trkpt><trkpt lat="25.225528" lon="-100.059876"><ele>493.178</ele><time>2025-06-28T16:22:30.001Z</time></trkpt><trkpt lat="25.225481" lon="-100.059907"><ele>493.133</ele><time>2025-06-28T16:22:36.001Z</time></trkpt><trkpt lat="25.225440" lon="-100.059929"><ele>493.426</ele><time>2025-06-28T16:22:50.001Z</time></trkpt><trkpt lat="25.225408" lon="-100.059965"><ele>493.809</ele><time>2025-06-28T16:22:55.001Z</time></trkpt><trkpt lat="25.225394" lon="-100.060017"><ele>493.819</ele><time>2025-06-28T16:23:03.001Z</time></trkpt><trkpt lat="25.225364" lon="-100.060061"><ele>493.833</ele><time>2025-06-28T16:23:13.001Z</time></trkpt><trkpt lat="25.225331" lon="-100.060102"><ele>493.714</ele><time>2025-06-28T16:23:19.001Z</time></trkpt><trkpt lat="25.225297" lon="-100.060135"><ele>493.722</ele><time>2025-06-28T16:23:24.001Z</time></trkpt><trkpt lat="25.225266" lon="-100.060177"><ele>493.766</ele><time>2025-06-28T16:23:30.001Z</time></trkpt><trkpt lat="25.225219" lon="-100.060181"><ele>494.337</ele><time>2025-06-28T16:23:42.001Z</time></trkpt><trkpt lat="25.225191" lon="-100.060225"><ele>495.577</ele><time>2025-06-28T16:23:50.001Z</time></trkpt><trkpt lat="25.225197" lon="-100.060276"><ele>496.067</ele><time>2025-06-28T16:24:10.001Z</time></trkpt><trkpt lat="25.225148" lon="-100.060292"><ele>496.180</ele><time>2025-06-28T16:24:39.001Z</time></trkpt><trkpt lat="25.225100" lon="-100.060305"><ele>496.578</ele><time>2025-06-28T16:24:46.001Z</time></trkpt><trkpt lat="25.225085" lon="-100.060250"><ele>496.833</ele><time>2025-06-28T16:24:49.001Z</time></trkpt><trkpt lat="25.225038" lon="-100.060263"><ele>496.926</ele><time>2025-06-28T16:25:11.001Z</time></trkpt><trkpt lat="25.224994" lon="-100.060281"><ele>497.009</ele><time>2025-06-28T16:25:26.001Z</time></trkpt><trkpt lat="25.224948" lon="-100.060317"><ele>497.149</ele><time>2025-06-28T16:25:30.001Z</time></trkpt><trkpt lat="25.224905" lon="-100.060342"><ele>497.153</ele><time>2025-06-28T16:25:44.001Z</time></trkpt><trkpt lat="25.224954" lon="-100.060328"><ele>497.224</ele><time>2025-06-28T16:25:49.001Z</time></trkpt><trkpt lat="25.224988" lon="-100.060294"><ele>497.292</ele><time>2025-06-28T16:26:03.001Z</time></trkpt><trkpt lat="25.224937" lon="-100.060305"><ele>497.236</ele><time>2025-06-28T16:26:10.001Z</time></trkpt><trkpt lat="25.224895" lon="-100.060279"><ele>497.157</ele><time>2025-06-28T16:26:24.001Z</time></trkpt><trkpt lat="25.224934" lon="-100.060312"><ele>497.147</ele><time>2025-06-28T16:27:03.001Z</time></trkpt><trkpt lat="25.224881" lon="-100.060320"><ele>497.297</ele><time>2025-06-28T16:27:08.001Z</time></trkpt><trkpt lat="25.224833" lon="-100.060314"><ele>497.260</ele><time>2025-06-28T16:28:50.001Z</time></trkpt><trkpt lat="25.224832" lon="-100.060372"><ele>497.366</ele><time>2025-06-28T16:28:56.001Z</time></trkpt><trkpt lat="25.224794" lon="-100.060402"><ele>497.329</ele><time>2025-06-28T16:29:31.001Z</time></trkpt><trkpt lat="25.224747" lon="-100.060425"><ele>497.321</ele><time>2025-06-28T16:29:37.001Z</time></trkpt><trkpt lat="25.224711" lon="-100.060458"><ele>497.309</ele><time>2025-06-28T16:29:43.001Z</time></trkpt><trkpt lat="25.224679" lon="-100.060498"><ele>497.398</ele><time>2025-06-28T16:29:47.001Z</time></trkpt><trkpt lat="25.224650" lon="-100.060539"><ele>497.352</ele><time>2025-06-28T16:29:52.001Z</time></trkpt><trkpt lat="25.224627" lon="-100.060586"><ele>497.373</ele><time>2025-06-28T16:29:57.001Z</time></trkpt><trkpt lat="25.224601" lon="-100.060627"><ele>497.311</ele><time>2025-06-28T16:30:02.001Z</time></trkpt><trkpt lat="25.224578" lon="-100.060673"><ele>497.325</ele><time>2025-06-28T16:30:05.001Z</time></trkpt><trkpt lat="25.224560" lon="-100.060725"><ele>497.596</ele><time>2025-06-28T16:30:17.001Z</time></trkpt><trkpt lat="25.224548" lon="-100.060776"><ele>497.566</ele><time>2025-06-28T16:30:23.001Z</time></trkpt><trkpt lat="25.224583" lon="-100.060742"><ele>497.526</ele><time>2025-06-28T16:30:36.001Z</time></trkpt><trkpt lat="25.224544" lon="-100.060716"><ele>497.399</ele><time>2025-06-28T16:30:56.001Z</time></trkpt><trkpt lat="25.224526" lon="-100.060767"><ele>496.834</ele><time>2025-06-28T16:31:08.001Z</time></trkpt><trkpt lat="25.224502" lon="-100.060817"><ele>496.355</ele><time>2025-06-28T16:31:23.001Z</time></trkpt><trkpt lat="25.224492" lon="-100.060873"><ele>495.910</ele><time>2025-06-28T16:31:49.001Z</time></trkpt><trkpt lat="25.224488" lon="-100.060931"><ele>495.809</ele><time>2025-06-28T16:31:55.001Z</time></trkpt><trkpt lat="25.224479" lon="-100.060987"><ele>495.735</ele><time>2025-06-28T16:32:01.001Z</time></trkpt><trkpt lat="25.224466" lon="-100.061036"><ele>495.519</ele><time>2025-06-28T16:32:08.001Z</time></trkpt><trkpt lat="25.224429" lon="-100.061079"><ele>495.590</ele><time>2025-06-28T16:32:13.001Z</time></trkpt><trkpt lat="25.224407" lon="-100.061127"><ele>495.548</ele><time>2025-06-28T16:32:18.001Z</time></trkpt><trkpt lat="25.224361" lon="-100.061164"><ele>495.542</ele><time>2025-06-28T16:32:24.001Z</time></trkpt><trkpt lat="25.224332" lon="-100.061210"><ele>495.873</ele><time>2025-06-28T16:32:32.001Z</time></trkpt><trkpt lat="25.224308" lon="-100.061258"><ele>496.063</ele><time>2025-06-28T16:32:36.001Z</time></trkpt><trkpt lat="25.224300" lon="-100.061315"><ele>496.113</ele><time>2025-06-28T16:32:39.001Z</time></trkpt><trkpt lat="25.224272" lon="-100.061361"><ele>496.426</ele><time>2025-06-28T16:32:46.001Z</time></trkpt><trkpt lat="25.224241" lon="-100.061404"><ele>496.777</ele><time>2025-06-28T16:32:51.001Z</time></trkpt><trkpt lat="25.224231" lon="-100.061456"><ele>496.861</ele><time>2025-06-28T16:32:56.001Z</time></trkpt><trkpt lat="25.224222" lon="-100.061509"><ele>496.827</ele><time>2025-06-28T16:33:00.001Z</time></trkpt><trkpt lat="25.224198" lon="-100.061558"><ele>496.809</ele><time>2025-06-28T16:33:05.001Z</time></trkpt><trkpt lat="25.224201" lon="-100.061613"><ele>496.829</ele><time>2025-06-28T16:33:11.001Z</time></trkpt><trkpt lat="25.224186" lon="-100.061565"><ele>496.813</ele><time>2025-06-28T16:33:24.001Z</time></trkpt><trkpt lat="25.224188" lon="-100.061624"><ele>496.844</ele><time>2025-06-28T16:33:29.001Z</time></trkpt><trkpt lat="25.224165" lon="-100.061668"><ele>496.812</ele><time>2025-06-28T16:33:33.001Z</time></trkpt><trkpt lat="25.224126" lon="-100.061704"><ele>496.866</ele><time>2025-06-28T16:33:37.001Z</time></trkpt><trkpt lat="25.224103" lon="-100.061755"><ele>496.857</ele><time>2025-06-28T16:33:43.001Z</time></trkpt><trkpt lat="25.224071" lon="-100.061797"><ele>496.897</ele><time>2025-06-28T16:33:49.001Z</time></trkpt><trkpt lat="25.224085" lon="-100.061852"><ele>496.787</ele><time>2025-06-28T16:33:55.001Z</time></trkpt><trkpt lat="25.224060" lon="-100.061894"><ele>496.790</ele><time>2025-06-28T16:33:59.001Z</time></trkpt><trkpt lat="25.224060" lon="-100.061945"><ele>496.789</ele><time>2025-06-28T16:34:03.001Z</time></trkpt><trkpt lat="25.224066" lon="-100.061999"><ele>496.606</ele><time>2025-06-28T16:34:07.001Z</time></trkpt><trkpt lat="25.224047" lon="-100.062052"><ele>496.626</ele><time>2025-06-28T16:34:14.001Z</time></trkpt><trkpt lat="25.224018" lon="-100.062106"><ele>496.609</ele><time>2025-06-28T16:34:19.001Z</time></trkpt><trkpt lat="25.223990" lon="-100.062148"><ele>496.680</ele><time>2025-06-28T16:34:22.001Z</time></trkpt><trkpt lat="25.223988" lon="-100.062203"><ele>496.614</ele><time>2025-06-28T16:34:27.001Z</time></trkpt><trkpt lat="25.224002" lon="-100.062255"><ele>496.695</ele><time>2025-06-28T16:34:31.001Z</time></trkpt><trkpt lat="25.224010" lon="-100.062313"><ele>496.643</ele><time>2025-06-28T16:34:59.001Z</time></trkpt><trkpt lat="25.223977" lon="-100.062278"><ele>496.627</ele><time>2025-06-28T16:35:03.001Z</time></trkpt><trkpt lat="25.223987" lon="-100.062229"><ele>496.658</ele><time>2025-06-28T16:35:08.001Z</time></trkpt><trkpt lat="25.223970" lon="-100.062180"><ele>496.658</ele><time>2025-06-28T16:35:19.001Z</time></trkpt><trkpt lat="25.223959" lon="-100.062233"><ele>496.538</ele><time>2025-06-28T16:35:23.001Z</time></trkpt><trkpt lat="25.223971" lon="-100.062291"><ele>496.441</ele><time>2025-06-28T16:35:28.001Z</time></trkpt><trkpt lat="25.223968" lon="-100.062354"><ele>496.464</ele><time>2025-06-28T16:35:32.001Z</time></trkpt><trkpt lat="25.223967" lon="-100.062420"><ele>496.406</ele><time>2025-06-28T16:35:38Z</time></trkpt><trkpt lat="25.223949" lon="-100.062468"><ele>496.516</ele><time>2025-06-28T16:35:42Z</time></trkpt><trkpt lat="25.223967" lon="-100.062517"><ele>496.609</ele><time>2025-06-28T16:35:46Z</time></trkpt><trkpt lat="25.223971" lon="-100.062570"><ele>496.788</ele><time>2025-06-28T16:35:51Z</time></trkpt><trkpt lat="25.223949" lon="-100.062506"><ele>496.872</ele><time>2025-06-28T16:35:59Z</time></trkpt><trkpt lat="25.223934" lon="-100.062553"><ele>496.923</ele><time>2025-06-28T16:36:04Z</time></trkpt><trkpt lat="25.223916" lon="-100.062604"><ele>496.941</ele><time>2025-06-28T16:36:08Z</time></trkpt><trkpt lat="25.223910" lon="-100.062657"><ele>496.955</ele><time>2025-06-28T16:36:12Z</time></trkpt><trkpt lat="25.223910" lon="-100.062715"><ele>496.946</ele><time>2025-06-28T16:36:16Z</time></trkpt><trkpt lat="25.223897" lon="-100.062774"><ele>496.996</ele><time>2025-06-28T16:36:21Z</time></trkpt><trkpt lat="25.223922" lon="-100.062830"><ele>496.896</ele><time>2025-06-28T16:36:26Z</time></trkpt><trkpt lat="25.223901" lon="-100.062874"><ele>496.589</ele><time>2025-06-28T16:36:29Z</time></trkpt><trkpt lat="25.223890" lon="-100.062930"><ele>496.182</ele><time>2025-06-28T16:36:34Z</time></trkpt><trkpt lat="25.223903" lon="-100.062992"><ele>495.843</ele><time>2025-06-28T16:36:39Z</time></trkpt><trkpt lat="25.223925" lon="-100.063041"><ele>495.617</ele><time>2025-06-28T16:36:44Z</time></trkpt><trkpt lat="25.223950" lon="-100.063093"><ele>495.409</ele><time>2025-06-28T16:36:49Z</time></trkpt><trkpt lat="25.223983" lon="-100.063131"><ele>495.490</ele><time>2025-06-28T16:36:54Z</time></trkpt><trkpt lat="25.224020" lon="-100.063166"><ele>495.474</ele><time>2025-06-28T16:36:59Z</time></trkpt><trkpt lat="25.224070" lon="-100.063196"><ele>495.495</ele><time>2025-06-28T16:37:08Z</time></trkpt><trkpt lat="25.224091" lon="-100.063244"><ele>495.433</ele><time>2025-06-28T16:37:17Z</time></trkpt><trkpt lat="25.224126" lon="-100.063284"><ele>495.437</ele><time>2025-06-28T16:37:44Z</time></trkpt><trkpt lat="25.224158" lon="-100.063324"><ele>495.588</ele><time>2025-06-28T16:37:50Z</time></trkpt><trkpt lat="25.224178" lon="-100.063368"><ele>495.548</ele><time>2025-06-28T16:38:09Z</time></trkpt><trkpt lat="25.224222" lon="-100.063391"><ele>495.678</ele><time>2025-06-28T16:38:15Z</time></trkpt><trkpt lat="25.224263" lon="-100.063414"><ele>495.621</ele><time>2025-06-28T16:38:31Z</time></trkpt><trkpt lat="25.224285" lon="-100.063367"><ele>495.674</ele><time>2025-06-28T16:38:43Z</time></trkpt><trkpt lat="25.224318" lon="-100.063331"><ele>495.656</ele><time>2025-06-28T16:38:53Z</time></trkpt><trkpt lat="25.224366" lon="-100.063315"><ele>495.521</ele><time>2025-06-28T16:39:05Z</time></trkpt><trkpt lat="25.224373" lon="-100.063368"><ele>495.509</ele><time>2025-06-28T16:39:16Z</time></trkpt><trkpt lat="25.224347" lon="-100.063414"><ele>495.579</ele><time>2025-06-28T16:39:24Z</time></trkpt><trkpt lat="25.224318" lon="-100.063456"><ele>495.533</ele><time>2025-06-28T16:39:30Z</time></trkpt><trkpt lat="25.224334" lon="-100.063509"><ele>495.524</ele><time>2025-06-28T16:39:40Z</time></trkpt><trkpt lat="25.224327" lon="-100.063558"><ele>495.512</ele><time>2025-06-28T16:39:45Z</time></trkpt><trkpt lat="25.224316" lon="-100.063606"><ele>495.536</ele><time>2025-06-28T16:39:50Z</time></trkpt><trkpt lat="25.224321" lon="-100.063658"><ele>495.587</ele><time>2025-06-28T16:39:57Z</time></trkpt><trkpt lat="25.224328" lon="-100.063713"><ele>495.557</ele><time>2025-06-28T16:40:05Z</time></trkpt><trkpt lat="25.224341" lon="-100.063768"><ele>495.577</ele><time>2025-06-28T16:40:11Z</time></trkpt><trkpt lat="25.224337" lon="-100.063824"><ele>495.590</ele><time>2025-06-28T16:40:19Z</time></trkpt><trkpt lat="25.224330" lon="-100.063877"><ele>495.584</ele><time>2025-06-28T16:40:24Z</time></trkpt><trkpt lat="25.224345" lon="-100.063929"><ele>495.507</ele><time>2025-06-28T16:40:30Z</time></trkpt><trkpt lat="25.224334" lon="-100.063981"><ele>495.517</ele><time>2025-06-28T16:40:37Z</time></trkpt><trkpt lat="25.224352" lon="-100.064036"><ele>495.509</ele><time>2025-06-28T16:40:46Z</time></trkpt><trkpt lat="25.224373" lon="-100.064086"><ele>495.570</ele><time>2025-06-28T16:40:53Z</time></trkpt><trkpt lat="25.224367" lon="-100.064143"><ele>495.634</ele><time>2025-06-28T16:40:59Z</time></trkpt><trkpt lat="25.224329" lon="-100.064175"><ele>495.865</ele><time>2025-06-28T16:41:04Z</time></trkpt><trkpt lat="25.224325" lon="-100.064230"><ele>495.933</ele><time>2025-06-28T16:41:10Z</time></trkpt><trkpt lat="25.224333" lon="-100.064283"><ele>496.097</ele><time>2025-06-28T16:41:16Z</time></trkpt><trkpt lat="25.224327" lon="-100.064334"><ele>496.148</ele><time>2025-06-28T16:41:22Z</time></trkpt><trkpt lat="25.224337" lon="-100.064385"><ele>496.238</ele><time>2025-06-28T16:41:28Z</time></trkpt><trkpt lat="25.224331" lon="-100.064438"><ele>496.338</ele><time>2025-06-28T16:41:34Z</time></trkpt><trkpt lat="25.224340" lon="-100.064488"><ele>496.571</ele><time>2025-06-28T16:41:40Z</time></trkpt><trkpt lat="25.224341" lon="-100.064540"><ele>496.616</ele><time>2025-06-28T16:41:46Z</time></trkpt><trkpt lat="25.224340" lon="-100.064592"><ele>496.776</ele><time>2025-06-28T16:41:55Z</time></trkpt><trkpt lat="25.224351" lon="-100.064647"><ele>496.713</ele><time>2025-06-28T16:42:04Z</time></trkpt><trkpt lat="25.224353" lon="-100.064699"><ele>496.809</ele><time>2025-06-28T16:42:11Z</time></trkpt><trkpt lat="25.224363" lon="-100.064749"><ele>496.873</ele><time>2025-06-28T16:42:28Z</time></trkpt><trkpt lat="25.224396" lon="-100.064789"><ele>496.837</ele><time>2025-06-28T16:42:45Z</time></trkpt><trkpt lat="25.224361" lon="-100.064831"><ele>496.838</ele><time>2025-06-28T16:43:17Z</time></trkpt><trkpt lat="25.224373" lon="-100.064882"><ele>496.866</ele><time>2025-06-28T16:43:25Z</time></trkpt><trkpt lat="25.224376" lon="-100.064932"><ele>496.990</ele><time>2025-06-28T16:43:31Z</time></trkpt><trkpt lat="25.224389" lon="-100.064984"><ele>496.911</ele><time>2025-06-28T16:43:44Z</time></trkpt><trkpt lat="25.224389" lon="-100.065037"><ele>496.711</ele><time>2025-06-28T16:44:27Z</time></trkpt><trkpt lat="25.224405" lon="-100.065090"><ele>496.661</ele><time>2025-06-28T16:44:35Z</time></trkpt><trkpt lat="25.224421" lon="-100.065146"><ele>496.794</ele><time>2025-06-28T16:44:42Z</time></trkpt><trkpt lat="25.224432" lon="-100.065200"><ele>496.758</ele><time>2025-06-28T16:44:48Z</time></trkpt><trkpt lat="25.224442" lon="-100.065249"><ele>496.752</ele><time>2025-06-28T16:44:54Z</time></trkpt><trkpt lat="25.224432" lon="-100.065298"><ele>496.817</ele><time>2025-06-28T16:45:00Z</time></trkpt><trkpt lat="25.224450" lon="-100.065350"><ele>496.809</ele><time>2025-06-28T16:45:06Z</time></trkpt><trkpt lat="25.224470" lon="-100.065398"><ele>496.897</ele><time>2025-06-28T16:45:12Z</time></trkpt><trkpt lat="25.224493" lon="-100.065441"><ele>496.881</ele><time>2025-06-28T16:45:18Z</time></trkpt><trkpt lat="25.224530" lon="-100.065483"><ele>496.832</ele><time>2025-06-28T16:45:24Z</time></trkpt><trkpt lat="25.224540" lon="-100.065543"><ele>496.870</ele><time>2025-06-28T16:45:29Z</time></trkpt><trkpt lat="25.224550" lon="-100.065600"><ele>496.664</ele><time>2025-06-28T16:45:35Z</time></trkpt><trkpt lat="25.224579" lon="-100.065641"><ele>496.555</ele><time>2025-06-28T16:45:40Z</time></trkpt><trkpt lat="25.224630" lon="-100.065653"><ele>496.535</ele><time>2025-06-28T16:45:46Z</time></trkpt><trkpt lat="25.224678" lon="-100.065655"><ele>496.545</ele><time>2025-06-28T16:45:52Z</time></trkpt><trkpt lat="25.224728" lon="-100.065662"><ele>496.648</ele><time>2025-06-28T16:45:58Z</time></trkpt><trkpt lat="25.224772" lon="-100.065679"><ele>496.972</ele><time>2025-06-28T16:46:03Z</time></trkpt><trkpt lat="25.224821" lon="-100.065707"><ele>497.313</ele><time>2025-06-28T16:46:08Z</time></trkpt><trkpt lat="25.224868" lon="-100.065737"><ele>497.614</ele><time>2025-06-28T16:46:13Z</time></trkpt><trkpt lat="25.224911" lon="-100.065771"><ele>497.809</ele><time>2025-06-28T16:46:18Z</time></trkpt><trkpt lat="25.224957" lon="-100.065789"><ele>498.069</ele><time>2025-06-28T16:46:25Z</time></trkpt><trkpt lat="25.224996" lon="-100.065816"><ele>498.283</ele><time>2025-06-28T16:46:31Z</time></trkpt><trkpt lat="25.225055" lon="-100.065848"><ele>498.384</ele><time>2025-06-28T16:46:37Z</time></trkpt><trkpt lat="25.225093" lon="-100.065882"><ele>498.372</ele><time>2025-06-28T16:46:42Z</time></trkpt><trkpt lat="25.225138" lon="-100.065907"><ele>498.396</ele><time>2025-06-28T16:46:47Z</time></trkpt><trkpt lat="25.225185" lon="-100.065925"><ele>498.337</ele><time>2025-06-28T16:46:52Z</time></trkpt><trkpt lat="25.225229" lon="-100.065945"><ele>498.347</ele><time>2025-06-28T16:46:57Z</time></trkpt><trkpt lat="25.225275" lon="-100.065957"><ele>498.017</ele><time>2025-06-28T16:47:02Z</time></trkpt><trkpt lat="25.225320" lon="-100.065966"><ele>497.950</ele><time>2025-06-28T16:47:08Z</time></trkpt><trkpt lat="25.225369" lon="-100.065977"><ele>497.938</ele><time>2025-06-28T16:47:14Z</time></trkpt><trkpt lat="25.225405" lon="-100.066014"><ele>497.970</ele><time>2025-06-28T16:47:20Z</time></trkpt><trkpt lat="25.225435" lon="-100.066053"><ele>498.117</ele><time>2025-06-28T16:47:26Z</time></trkpt><trkpt lat="25.225485" lon="-100.066072"><ele>498.109</ele><time>2025-06-28T16:47:32Z</time></trkpt><trkpt lat="25.225532" lon="-100.066066"><ele>498.195</ele><time>2025-06-28T16:47:37Z</time></trkpt><trkpt lat="25.225580" lon="-100.066064"><ele>498.199</ele><time>2025-06-28T16:47:43Z</time></trkpt><trkpt lat="25.225619" lon="-100.066091"><ele>498.120</ele><time>2025-06-28T16:47:50Z</time></trkpt><trkpt lat="25.225658" lon="-100.066121"><ele>498.268</ele><time>2025-06-28T16:47:56Z</time></trkpt><trkpt lat="25.225721" lon="-100.066119"><ele>498.412</ele><time>2025-06-28T16:48:03Z</time></trkpt><trkpt lat="25.225773" lon="-100.066118"><ele>498.593</ele><time>2025-06-28T16:48:10Z</time></trkpt><trkpt lat="25.225821" lon="-100.066128"><ele>498.643</ele><time>2025-06-28T16:48:16Z</time></trkpt><trkpt lat="25.225874" lon="-100.066114"><ele>498.623</ele><time>2025-06-28T16:48:22Z</time></trkpt><trkpt lat="25.225914" lon="-100.066084"><ele>498.676</ele><time>2025-06-28T16:48:29Z</time></trkpt><trkpt lat="25.225964" lon="-100.066073"><ele>498.619</ele><time>2025-06-28T16:48:35Z</time></trkpt><trkpt lat="25.226010" lon="-100.066094"><ele>498.609</ele><time>2025-06-28T16:48:41Z</time></trkpt><trkpt lat="25.226067" lon="-100.066113"><ele>498.619</ele><time>2025-06-28T16:48:50Z</time></trkpt><trkpt lat="25.226105" lon="-100.066141"><ele>498.609</ele><time>2025-06-28T16:48:54Z</time></trkpt><trkpt lat="25.226146" lon="-100.066174"><ele>498.683</ele><time>2025-06-28T16:48:59Z</time></trkpt><trkpt lat="25.226192" lon="-100.066190"><ele>498.657</ele><time>2025-06-28T16:49:04Z</time></trkpt><trkpt lat="25.226224" lon="-100.066232"><ele>498.668</ele><time>2025-06-28T16:49:10Z</time></trkpt><trkpt lat="25.226278" lon="-100.066241"><ele>498.676</ele><time>2025-06-28T16:49:19Z</time></trkpt><trkpt lat="25.226307" lon="-100.066202"><ele>498.630</ele><time>2025-06-28T16:49:36Z</time></trkpt><trkpt lat="25.226351" lon="-100.066216"><ele>498.651</ele><time>2025-06-28T16:49:45Z</time></trkpt><trkpt lat="25.226394" lon="-100.066232"><ele>498.791</ele><time>2025-06-28T16:49:54Z</time></trkpt><trkpt lat="25.226447" lon="-100.066241"><ele>498.891</ele><time>2025-06-28T16:49:59Z</time></trkpt><trkpt lat="25.226493" lon="-100.066236"><ele>498.864</ele><time>2025-06-28T16:50:05Z</time></trkpt><trkpt lat="25.226543" lon="-100.066240"><ele>498.836</ele><time>2025-06-28T16:50:10Z</time></trkpt><trkpt lat="25.226592" lon="-100.066229"><ele>498.817</ele><time>2025-06-28T16:50:21Z</time></trkpt><trkpt lat="25.226639" lon="-100.066223"><ele>498.818</ele><time>2025-06-28T16:50:28Z</time></trkpt><trkpt lat="25.226694" lon="-100.066206"><ele>498.809</ele><time>2025-06-28T16:50:37Z</time></trkpt><trkpt lat="25.226749" lon="-100.066198"><ele>498.855</ele><time>2025-06-28T16:50:50Z</time></trkpt><trkpt lat="25.226797" lon="-100.066186"><ele>498.829</ele><time>2025-06-28T16:50:58Z</time></trkpt><trkpt lat="25.226846" lon="-100.066180"><ele>498.850</ele><time>2025-06-28T16:51:06Z</time></trkpt><trkpt lat="25.226895" lon="-100.066185"><ele>498.728</ele><time>2025-06-28T16:51:12Z</time></trkpt><trkpt lat="25.226934" lon="-100.066214"><ele>498.692</ele><time>2025-06-28T16:51:17Z</time></trkpt><trkpt lat="25.226988" lon="-100.066214"><ele>498.633</ele><time>2025-06-28T16:51:23Z</time></trkpt><trkpt lat="25.227038" lon="-100.066206"><ele>498.663</ele><time>2025-06-28T16:51:33Z</time></trkpt><trkpt lat="25.227066" lon="-100.066248"><ele>498.643</ele><time>2025-06-28T16:51:43Z</time></trkpt><trkpt lat="25.227092" lon="-100.066289"><ele>498.686</ele><time>2025-06-28T16:52:00Z</time></trkpt><trkpt lat="25.227125" lon="-100.066327"><ele>498.691</ele><time>2025-06-28T16:52:09Z</time></trkpt><trkpt lat="25.227158" lon="-100.066373"><ele>498.681</ele><time>2025-06-28T16:52:19Z</time></trkpt><trkpt lat="25.227192" lon="-100.066415"><ele>498.719</ele><time>2025-06-28T16:52:27.001Z</time></trkpt><trkpt lat="25.227237" lon="-100.066389"><ele>498.809</ele><time>2025-06-28T16:52:33.001Z</time></trkpt><trkpt lat="25.227281" lon="-100.066411"><ele>498.811</ele><time>2025-06-28T16:52:39.001Z</time></trkpt><trkpt lat="25.227327" lon="-100.066415"><ele>499.095</ele><time>2025-06-28T16:52:45.001Z</time></trkpt><trkpt lat="25.227368" lon="-100.066439"><ele>499.386</ele><time>2025-06-28T16:52:49.001Z</time></trkpt><trkpt lat="25.227414" lon="-100.066457"><ele>499.694</ele><time>2025-06-28T16:52:56.001Z</time></trkpt><trkpt lat="25.227454" lon="-100.066484"><ele>499.898</ele><time>2025-06-28T16:53:01.001Z</time></trkpt><trkpt lat="25.227498" lon="-100.066509"><ele>500.099</ele><time>2025-06-28T16:53:05.001Z</time></trkpt><trkpt lat="25.227552" lon="-100.066519"><ele>500.479</ele><time>2025-06-28T16:53:11.001Z</time></trkpt><trkpt lat="25.227597" lon="-100.066541"><ele>500.429</ele><time>2025-06-28T16:53:15.001Z</time></trkpt><trkpt lat="25.227645" lon="-100.066522"><ele>500.472</ele><time>2025-06-28T16:53:22.001Z</time></trkpt><trkpt lat="25.227684" lon="-100.066569"><ele>500.415</ele><time>2025-06-28T16:53:29.001Z</time></trkpt><trkpt lat="25.227727" lon="-100.066596"><ele>500.165</ele><time>2025-06-28T16:53:32.001Z</time></trkpt><trkpt lat="25.227773" lon="-100.066597"><ele>500.011</ele><time>2025-06-28T16:53:36.001Z</time></trkpt><trkpt lat="25.227827" lon="-100.066605"><ele>500.009</ele><time>2025-06-28T16:53:44.001Z</time></trkpt><trkpt lat="25.227865" lon="-100.066640"><ele>499.943</ele><time>2025-06-28T16:53:53.001Z</time></trkpt><trkpt lat="25.227885" lon="-100.066691"><ele>499.927</ele><time>2025-06-28T16:53:57.001Z</time></trkpt><trkpt lat="25.227910" lon="-100.066746"><ele>499.958</ele><time>2025-06-28T16:54:04.001Z</time></trkpt><trkpt lat="25.227959" lon="-100.066747"><ele>499.956</ele><time>2025-06-28T16:54:10.001Z</time></trkpt><trkpt lat="25.228003" lon="-100.066735"><ele>499.810</ele><time>2025-06-28T16:55:06.001Z</time></trkpt><trkpt lat="25.228047" lon="-100.066715"><ele>499.831</ele><time>2025-06-28T16:55:32.001Z</time></trkpt><trkpt lat="25.228075" lon="-100.066764"><ele>499.851</ele><time>2025-06-28T16:56:25Z</time></trkpt><trkpt lat="25.228043" lon="-100.066725"><ele>499.811</ele><time>2025-06-28T16:57:08.001Z</time></trkpt><trkpt lat="25.228020" lon="-100.066682"><ele>499.834</ele><time>2025-06-28T16:57:40.001Z</time></trkpt><trkpt lat="25.227972" lon="-100.066667"><ele>499.827</ele><time>2025-06-28T16:57:49.001Z</time></trkpt><trkpt lat="25.227927" lon="-100.066677"><ele>499.868</ele><time>2025-06-28T16:57:55.001Z</time></trkpt><trkpt lat="25.227891" lon="-100.066640"><ele>499.814</ele><time>2025-06-28T16:58:02.001Z</time></trkpt><trkpt lat="25.227841" lon="-100.066646"><ele>499.609</ele><time>2025-06-28T16:58:08.001Z</time></trkpt><trkpt lat="25.227863" lon="-100.066694"><ele>499.584</ele><time>2025-06-28T16:58:18.001Z</time></trkpt><trkpt lat="25.227868" lon="-100.066751"><ele>499.428</ele><time>2025-06-28T16:58:59.002Z</time></trkpt><trkpt lat="25.227913" lon="-100.066762"><ele>499.299</ele><time>2025-06-28T16:59:09.002Z</time></trkpt><trkpt lat="25.227901" lon="-100.066819"><ele>499.097</ele><time>2025-06-28T16:59:17.002Z</time></trkpt><trkpt lat="25.227899" lon="-100.066871"><ele>498.971</ele><time>2025-06-28T16:59:22.002Z</time></trkpt><trkpt lat="25.227937" lon="-100.066924"><ele>498.942</ele><time>2025-06-28T16:59:27.002Z</time></trkpt><trkpt lat="25.227947" lon="-100.066984"><ele>498.982</ele><time>2025-06-28T16:59:32.002Z</time></trkpt><trkpt lat="25.227952" lon="-100.067034"><ele>498.942</ele><time>2025-06-28T16:59:37.002Z</time></trkpt><trkpt lat="25.227928" lon="-100.067090"><ele>498.835</ele><time>2025-06-28T16:59:42.002Z</time></trkpt><trkpt lat="25.227897" lon="-100.067129"><ele>498.681</ele><time>2025-06-28T16:59:47.002Z</time></trkpt><trkpt lat="25.227873" lon="-100.067175"><ele>498.661</ele><time>2025-06-28T16:59:52.002Z</time></trkpt><trkpt lat="25.227843" lon="-100.067218"><ele>498.617</ele><time>2025-06-28T17:00:01.002Z</time></trkpt><trkpt lat="25.227809" lon="-100.067260"><ele>498.609</ele><time>2025-06-28T17:00:07.002Z</time></trkpt><trkpt lat="25.227799" lon="-100.067317"><ele>498.720</ele><time>2025-06-28T17:00:14.002Z</time></trkpt><trkpt lat="25.227772" lon="-100.067358"><ele>498.954</ele><time>2025-06-28T17:00:18.002Z</time></trkpt><trkpt lat="25.227741" lon="-100.067407"><ele>498.955</ele><time>2025-06-28T17:00:24.002Z</time></trkpt><trkpt lat="25.227714" lon="-100.067455"><ele>499.063</ele><time>2025-06-28T17:00:28.002Z</time></trkpt><trkpt lat="25.227669" lon="-100.067477"><ele>499.027</ele><time>2025-06-28T17:00:33.002Z</time></trkpt><trkpt lat="25.227634" lon="-100.067513"><ele>499.048</ele><time>2025-06-28T17:00:36.002Z</time></trkpt><trkpt lat="25.227590" lon="-100.067540"><ele>499.028</ele><time>2025-06-28T17:00:41.002Z</time></trkpt><trkpt lat="25.227577" lon="-100.067621"><ele>499.078</ele><time>2025-06-28T17:00:46.002Z</time></trkpt><trkpt lat="25.227533" lon="-100.067645"><ele>499.081</ele><time>2025-06-28T17:00:51.003Z</time></trkpt><trkpt lat="25.227492" lon="-100.067682"><ele>499.318</ele><time>2025-06-28T17:00:57.003Z</time></trkpt><trkpt lat="25.227456" lon="-100.067715"><ele>499.698</ele><time>2025-06-28T17:01:01.003Z</time></trkpt><trkpt lat="25.227427" lon="-100.067771"><ele>499.817</ele><time>2025-06-28T17:01:07.003Z</time></trkpt><trkpt lat="25.227349" lon="-100.067758"><ele>500.009</ele><time>2025-06-28T17:01:14.003Z</time></trkpt><trkpt lat="25.227306" lon="-100.067775"><ele>500.243</ele><time>2025-06-28T17:01:20.003Z</time></trkpt><trkpt lat="25.227267" lon="-100.067811"><ele>500.357</ele><time>2025-06-28T17:01:25.003Z</time></trkpt><trkpt lat="25.227207" lon="-100.067842"><ele>500.428</ele><time>2025-06-28T17:01:31.003Z</time></trkpt><trkpt lat="25.227151" lon="-100.067864"><ele>500.696</ele><time>2025-06-28T17:01:37.003Z</time></trkpt><trkpt lat="25.227116" lon="-100.067905"><ele>500.810</ele><time>2025-06-28T17:01:42.003Z</time></trkpt><trkpt lat="25.227072" lon="-100.067922"><ele>501.041</ele><time>2025-06-28T17:01:47.003Z</time></trkpt><trkpt lat="25.227029" lon="-100.067969"><ele>501.031</ele><time>2025-06-28T17:01:53.003Z</time></trkpt><trkpt lat="25.226988" lon="-100.068009"><ele>501.031</ele><time>2025-06-28T17:01:58.003Z</time></trkpt><trkpt lat="25.226943" lon="-100.068045"><ele>501.034</ele><time>2025-06-28T17:02:04.003Z</time></trkpt><trkpt lat="25.226901" lon="-100.068076"><ele>500.665</ele><time>2025-06-28T17:02:09.003Z</time></trkpt><trkpt lat="25.226862" lon="-100.068104"><ele>500.168</ele><time>2025-06-28T17:02:14.003Z</time></trkpt><trkpt lat="25.226818" lon="-100.068138"><ele>499.914</ele><time>2025-06-28T17:02:19.003Z</time></trkpt><trkpt lat="25.226813" lon="-100.068190"><ele>499.909</ele><time>2025-06-28T17:02:25.003Z</time></trkpt><trkpt lat="25.226794" lon="-100.068239"><ele>499.988</ele><time>2025-06-28T17:02:31.003Z</time></trkpt><trkpt lat="25.226754" lon="-100.068272"><ele>499.912</ele><time>2025-06-28T17:02:36.003Z</time></trkpt><trkpt lat="25.226727" lon="-100.068324"><ele>500.053</ele><time>2025-06-28T17:02:42.003Z</time></trkpt><trkpt lat="25.226679" lon="-100.068356"><ele>500.071</ele><time>2025-06-28T17:02:47.003Z</time></trkpt><trkpt lat="25.226647" lon="-100.068401"><ele>500.095</ele><time>2025-06-28T17:02:51.003Z</time></trkpt><trkpt lat="25.226636" lon="-100.068464"><ele>500.066</ele><time>2025-06-28T17:02:56.003Z</time></trkpt><trkpt lat="25.226593" lon="-100.068503"><ele>500.026</ele><time>2025-06-28T17:03:04.003Z</time></trkpt><trkpt lat="25.226535" lon="-100.068503"><ele>500.046</ele><time>2025-06-28T17:03:08.003Z</time></trkpt><trkpt lat="25.226513" lon="-100.068550"><ele>499.939</ele><time>2025-06-28T17:03:15.003Z</time></trkpt><trkpt lat="25.226486" lon="-100.068598"><ele>499.951</ele><time>2025-06-28T17:03:19.003Z</time></trkpt><trkpt lat="25.226448" lon="-100.068633"><ele>499.801</ele><time>2025-06-28T17:03:26.003Z</time></trkpt><trkpt lat="25.226453" lon="-100.068691"><ele>499.811</ele><time>2025-06-28T17:03:32.003Z</time></trkpt><trkpt lat="25.226446" lon="-100.068747"><ele>499.809</ele><time>2025-06-28T17:03:38.003Z</time></trkpt><trkpt lat="25.226441" lon="-100.068805"><ele>499.727</ele><time>2025-06-28T17:03:44.003Z</time></trkpt><trkpt lat="25.226424" lon="-100.068859"><ele>499.621</ele><time>2025-06-28T17:03:50.003Z</time></trkpt><trkpt lat="25.226414" lon="-100.068911"><ele>499.642</ele><time>2025-06-28T17:03:56.003Z</time></trkpt><trkpt lat="25.226374" lon="-100.068943"><ele>499.530</ele><time>2025-06-28T17:04:12.003Z</time></trkpt><trkpt lat="25.226339" lon="-100.068988"><ele>499.414</ele><time>2025-06-28T17:04:18.003Z</time></trkpt><trkpt lat="25.226307" lon="-100.069032"><ele>499.395</ele><time>2025-06-28T17:04:24.003Z</time></trkpt><trkpt lat="25.226270" lon="-100.069069"><ele>499.255</ele><time>2025-06-28T17:04:30.003Z</time></trkpt><trkpt lat="25.226256" lon="-100.069120"><ele>499.185</ele><time>2025-06-28T17:04:37.003Z</time></trkpt><trkpt lat="25.226237" lon="-100.069166"><ele>499.158</ele><time>2025-06-28T17:04:44.003Z</time></trkpt><trkpt lat="25.226209" lon="-100.069207"><ele>499.178</ele><time>2025-06-28T17:04:58.003Z</time></trkpt><trkpt lat="25.226185" lon="-100.069252"><ele>499.133</ele><time>2025-06-28T17:05:06.003Z</time></trkpt><trkpt lat="25.226146" lon="-100.069282"><ele>499.326</ele><time>2025-06-28T17:05:15.003Z</time></trkpt><trkpt lat="25.226104" lon="-100.069313"><ele>499.809</ele><time>2025-06-28T17:05:23.003Z</time></trkpt><trkpt lat="25.226110" lon="-100.069363"><ele>500.269</ele><time>2025-06-28T17:05:37.003Z</time></trkpt><trkpt lat="25.226089" lon="-100.069412"><ele>500.513</ele><time>2025-06-28T17:05:50.003Z</time></trkpt><trkpt lat="25.226104" lon="-100.069464"><ele>500.854</ele><time>2025-06-28T17:05:59.003Z</time></trkpt><trkpt lat="25.226065" lon="-100.069499"><ele>500.922</ele><time>2025-06-28T17:06:07.003Z</time></trkpt><trkpt lat="25.226036" lon="-100.069544"><ele>501.066</ele><time>2025-06-28T17:06:13.003Z</time></trkpt><trkpt lat="25.225993" lon="-100.069566"><ele>501.057</ele><time>2025-06-28T17:06:20.003Z</time></trkpt><trkpt lat="25.225941" lon="-100.069579"><ele>501.087</ele><time>2025-06-28T17:06:26.003Z</time></trkpt><trkpt lat="25.225912" lon="-100.069625"><ele>501.047</ele><time>2025-06-28T17:06:32.003Z</time></trkpt><trkpt lat="25.225895" lon="-100.069672"><ele>501.220</ele><time>2025-06-28T17:06:41.003Z</time></trkpt><trkpt lat="25.225860" lon="-100.069704"><ele>501.452</ele><time>2025-06-28T17:06:46.003Z</time></trkpt><trkpt lat="25.225825" lon="-100.069737"><ele>501.553</ele><time>2025-06-28T17:06:52.003Z</time></trkpt><trkpt lat="25.225788" lon="-100.069772"><ele>501.608</ele><time>2025-06-28T17:06:59.003Z</time></trkpt><trkpt lat="25.225754" lon="-100.069816"><ele>501.809</ele><time>2025-06-28T17:07:09.003Z</time></trkpt><trkpt lat="25.225713" lon="-100.069841"><ele>501.937</ele><time>2025-06-28T17:07:15.003Z</time></trkpt><trkpt lat="25.225670" lon="-100.069868"><ele>501.961</ele><time>2025-06-28T17:07:21.003Z</time></trkpt><trkpt lat="25.225620" lon="-100.069896"><ele>501.972</ele><time>2025-06-28T17:07:30.003Z</time></trkpt><trkpt lat="25.225572" lon="-100.069901"><ele>501.980</ele><time>2025-06-28T17:07:36.003Z</time></trkpt><trkpt lat="25.225528" lon="-100.069937"><ele>502.094</ele><time>2025-06-28T17:07:42.003Z</time></trkpt><trkpt lat="25.225495" lon="-100.069974"><ele>502.145</ele><time>2025-06-28T17:07:48.003Z</time></trkpt><trkpt lat="25.225451" lon="-100.070009"><ele>502.165</ele><time>2025-06-28T17:07:54.003Z</time></trkpt><trkpt lat="25.225419" lon="-100.070052"><ele>502.155</ele><time>2025-06-28T17:08:27.003Z</time></trkpt><trkpt lat="25.225422" lon="-100.070103"><ele>502.188</ele><time>2025-06-28T17:08:37.003Z</time></trkpt><trkpt lat="25.225438" lon="-100.070150"><ele>502.022</ele><time>2025-06-28T17:08:42.003Z</time></trkpt><trkpt lat="25.225434" lon="-100.070202"><ele>502.062</ele><time>2025-06-28T17:08:50.003Z</time></trkpt><trkpt lat="25.225418" lon="-100.070249"><ele>502.008</ele><time>2025-06-28T17:08:57.003Z</time></trkpt><trkpt lat="25.225397" lon="-100.070293"><ele>502.109</ele><time>2025-06-28T17:09:08.003Z</time></trkpt><trkpt lat="25.225406" lon="-100.070344"><ele>502.284</ele><time>2025-06-28T17:09:16.003Z</time></trkpt><trkpt lat="25.225406" lon="-100.070395"><ele>502.348</ele><time>2025-06-28T17:09:23.003Z</time></trkpt><trkpt lat="25.225372" lon="-100.070434"><ele>502.459</ele><time>2025-06-28T17:09:33.003Z</time></trkpt><trkpt lat="25.225398" lon="-100.070477"><ele>502.447</ele><time>2025-06-28T17:09:38.003Z</time></trkpt><trkpt lat="25.225415" lon="-100.070526"><ele>502.461</ele><time>2025-06-28T17:09:44.003Z</time></trkpt><trkpt lat="25.225440" lon="-100.070580"><ele>502.492</ele><time>2025-06-28T17:09:52.003Z</time></trkpt><trkpt lat="25.225460" lon="-100.070633"><ele>502.492</ele><time>2025-06-28T17:09:55.003Z</time></trkpt><trkpt lat="25.225464" lon="-100.070684"><ele>502.312</ele><time>2025-06-28T17:10:04.003Z</time></trkpt><trkpt lat="25.225463" lon="-100.070736"><ele>502.295</ele><time>2025-06-28T17:10:10.003Z</time></trkpt><trkpt lat="25.225479" lon="-100.070783"><ele>502.244</ele><time>2025-06-28T17:10:16.003Z</time></trkpt><trkpt lat="25.225522" lon="-100.070824"><ele>502.205</ele><time>2025-06-28T17:10:30.003Z</time></trkpt><trkpt lat="25.225522" lon="-100.070879"><ele>502.415</ele><time>2025-06-28T17:10:36.003Z</time></trkpt><trkpt lat="25.225536" lon="-100.070932"><ele>502.909</ele><time>2025-06-28T17:10:41.003Z</time></trkpt><trkpt lat="25.225551" lon="-100.070980"><ele>503.256</ele><time>2025-06-28T17:10:45.003Z</time></trkpt><trkpt lat="25.225591" lon="-100.071003"><ele>503.270</ele><time>2025-06-28T17:10:49.003Z</time></trkpt><trkpt lat="25.225637" lon="-100.071029"><ele>503.221</ele><time>2025-06-28T17:10:59.003Z</time></trkpt><trkpt lat="25.225686" lon="-100.071060"><ele>503.189</ele><time>2025-06-28T17:11:06.003Z</time></trkpt><trkpt lat="25.225731" lon="-100.071078"><ele>502.933</ele><time>2025-06-28T17:11:09.003Z</time></trkpt><trkpt lat="25.225695" lon="-100.071113"><ele>502.714</ele><time>2025-06-28T17:11:20.003Z</time></trkpt><trkpt lat="25.225715" lon="-100.071170"><ele>502.434</ele><time>2025-06-28T17:11:30.003Z</time></trkpt><trkpt lat="25.225761" lon="-100.071173"><ele>502.494</ele><time>2025-06-28T17:11:33.003Z</time></trkpt><trkpt lat="25.225772" lon="-100.071227"><ele>502.447</ele><time>2025-06-28T17:11:40.003Z</time></trkpt><trkpt lat="25.225782" lon="-100.071282"><ele>502.432</ele><time>2025-06-28T17:11:46.003Z</time></trkpt><trkpt lat="25.225816" lon="-100.071319"><ele>502.692</ele><time>2025-06-28T17:11:51.003Z</time></trkpt><trkpt lat="25.225849" lon="-100.071355"><ele>503.011</ele><time>2025-06-28T17:11:56.003Z</time></trkpt><trkpt lat="25.225880" lon="-100.071394"><ele>503.309</ele><time>2025-06-28T17:12:02.003Z</time></trkpt><trkpt lat="25.225893" lon="-100.071442"><ele>503.375</ele><time>2025-06-28T17:12:07.003Z</time></trkpt><trkpt lat="25.225929" lon="-100.071485"><ele>503.319</ele><time>2025-06-28T17:12:17.003Z</time></trkpt><trkpt lat="25.225975" lon="-100.071497"><ele>503.390</ele><time>2025-06-28T17:12:46.003Z</time></trkpt><trkpt lat="25.226010" lon="-100.071545"><ele>503.318</ele><time>2025-06-28T17:12:54.003Z</time></trkpt><trkpt lat="25.226054" lon="-100.071570"><ele>503.342</ele><time>2025-06-28T17:13:00.003Z</time></trkpt><trkpt lat="25.226068" lon="-100.071623"><ele>503.363</ele><time>2025-06-28T17:16:06.003Z</time></trkpt><trkpt lat="25.226054" lon="-100.071574"><ele>503.863</ele><time>2025-06-28T17:16:23.003Z</time></trkpt><trkpt lat="25.226058" lon="-100.071624"><ele>504.553</ele><time>2025-06-28T17:16:47.003Z</time></trkpt><trkpt lat="25.226103" lon="-100.071660"><ele>505.086</ele><time>2025-06-28T17:16:58.003Z</time></trkpt><trkpt lat="25.226139" lon="-100.071690"><ele>505.215</ele><time>2025-06-28T17:17:04.003Z</time></trkpt><trkpt lat="25.226186" lon="-100.071711"><ele>505.465</ele><time>2025-06-28T17:17:10.003Z</time></trkpt><trkpt lat="25.226229" lon="-100.071748"><ele>505.811</ele><time>2025-06-28T17:17:16.003Z</time></trkpt><trkpt lat="25.226261" lon="-100.071801"><ele>505.909</ele><time>2025-06-28T17:17:26.003Z</time></trkpt><trkpt lat="25.226318" lon="-100.071793"><ele>505.923</ele><time>2025-06-28T17:17:35.004Z</time></trkpt><trkpt lat="25.226363" lon="-100.071821"><ele>505.937</ele><time>2025-06-28T17:17:42.004Z</time></trkpt><trkpt lat="25.226408" lon="-100.071855"><ele>505.928</ele><time>2025-06-28T17:17:49.004Z</time></trkpt><trkpt lat="25.226438" lon="-100.071902"><ele>505.896</ele><time>2025-06-28T17:17:56.004Z</time></trkpt><trkpt lat="25.226470" lon="-100.071941"><ele>505.890</ele><time>2025-06-28T17:18:01.004Z</time></trkpt><trkpt lat="25.226499" lon="-100.071983"><ele>505.841</ele><time>2025-06-28T17:18:10.004Z</time></trkpt><trkpt lat="25.226532" lon="-100.072019"><ele>505.881</ele><time>2025-06-28T17:18:18.004Z</time></trkpt><trkpt lat="25.226564" lon="-100.072054"><ele>505.861</ele><time>2025-06-28T17:18:27.004Z</time></trkpt><trkpt lat="25.226598" lon="-100.072095"><ele>505.814</ele><time>2025-06-28T17:18:31.004Z</time></trkpt><trkpt lat="25.226640" lon="-100.072118"><ele>505.895</ele><time>2025-06-28T17:18:38.004Z</time></trkpt><trkpt lat="25.226683" lon="-100.072138"><ele>505.949</ele><time>2025-06-28T17:18:50.004Z</time></trkpt><trkpt lat="25.226673" lon="-100.072187"><ele>506.123</ele><time>2025-06-28T17:18:56.004Z</time></trkpt><trkpt lat="25.226718" lon="-100.072201"><ele>506.209</ele><time>2025-06-28T17:19:02.004Z</time></trkpt><trkpt lat="25.226753" lon="-100.072233"><ele>506.221</ele><time>2025-06-28T17:19:12.004Z</time></trkpt><trkpt lat="25.226789" lon="-100.072269"><ele>506.245</ele><time>2025-06-28T17:19:19.004Z</time></trkpt><trkpt lat="25.226828" lon="-100.072295"><ele>506.016</ele><time>2025-06-28T17:19:26.004Z</time></trkpt><trkpt lat="25.226873" lon="-100.072309"><ele>505.744</ele><time>2025-06-28T17:19:31.004Z</time></trkpt><trkpt lat="25.226909" lon="-100.072351"><ele>505.138</ele><time>2025-06-28T17:19:37.004Z</time></trkpt><trkpt lat="25.226958" lon="-100.072395"><ele>504.119</ele><time>2025-06-28T17:19:44.005Z</time></trkpt><trkpt lat="25.226979" lon="-100.072440"><ele>503.649</ele><time>2025-06-28T17:19:52.005Z</time></trkpt><trkpt lat="25.227014" lon="-100.072486"><ele>503.629</ele><time>2025-06-28T17:19:59.005Z</time></trkpt><trkpt lat="25.227045" lon="-100.072537"><ele>503.662</ele><time>2025-06-28T17:20:31.005Z</time></trkpt><trkpt lat="25.227078" lon="-100.072580"><ele>503.765</ele><time>2025-06-28T17:20:38.005Z</time></trkpt><trkpt lat="25.227120" lon="-100.072601"><ele>503.968</ele><time>2025-06-28T17:20:43.005Z</time></trkpt><trkpt lat="25.227143" lon="-100.072646"><ele>504.314</ele><time>2025-06-28T17:20:49.005Z</time></trkpt><trkpt lat="25.227189" lon="-100.072667"><ele>504.709</ele><time>2025-06-28T17:21:01.005Z</time></trkpt><trkpt lat="25.227232" lon="-100.072693"><ele>504.998</ele><time>2025-06-28T17:21:14.005Z</time></trkpt><trkpt lat="25.227280" lon="-100.072728"><ele>505.242</ele><time>2025-06-28T17:21:27.005Z</time></trkpt><trkpt lat="25.227327" lon="-100.072738"><ele>505.383</ele><time>2025-06-28T17:21:34.005Z</time></trkpt><trkpt lat="25.227352" lon="-100.072784"><ele>505.321</ele><time>2025-06-28T17:21:42.005Z</time></trkpt><trkpt lat="25.227406" lon="-100.072763"><ele>505.365</ele><time>2025-06-28T17:22:17.005Z</time></trkpt><trkpt lat="25.227444" lon="-100.072790"><ele>505.226</ele><time>2025-06-28T17:22:31.005Z</time></trkpt><trkpt lat="25.227485" lon="-100.072825"><ele>504.896</ele><time>2025-06-28T17:22:40.005Z</time></trkpt><trkpt lat="25.227539" lon="-100.072843"><ele>504.526</ele><time>2025-06-28T17:22:51.005Z</time></trkpt><trkpt lat="25.227586" lon="-100.072858"><ele>504.589</ele><time>2025-06-28T17:22:59.005Z</time></trkpt><trkpt lat="25.227637" lon="-100.072871"><ele>504.575</ele><time>2025-06-28T17:23:23.005Z</time></trkpt><trkpt lat="25.227646" lon="-100.072927"><ele>504.828</ele><time>2025-06-28T17:23:39.005Z</time></trkpt><trkpt lat="25.227687" lon="-100.072965"><ele>505.320</ele><time>2025-06-28T17:24:21.005Z</time></trkpt><trkpt lat="25.227732" lon="-100.072983"><ele>505.909</ele><time>2025-06-28T17:25:15.005Z</time></trkpt><trkpt lat="25.227783" lon="-100.072998"><ele>506.499</ele><time>2025-06-28T17:25:25.005Z</time></trkpt><trkpt lat="25.227833" lon="-100.072982"><ele>506.413</ele><time>2025-06-28T17:25:34.005Z</time></trkpt><trkpt lat="25.227886" lon="-100.072982"><ele>506.464</ele><time>2025-06-28T17:25:45.005Z</time></trkpt><trkpt lat="25.227933" lon="-100.072980"><ele>506.412</ele><time>2025-06-28T17:26:00.006Z</time></trkpt><trkpt lat="25.227975" lon="-100.073006"><ele>506.236</ele><time>2025-06-28T17:26:04.006Z</time></trkpt><trkpt lat="25.227998" lon="-100.073051"><ele>506.027</ele><time>2025-06-28T17:26:13.006Z</time></trkpt><trkpt lat="25.228022" lon="-100.073093"><ele>505.957</ele><time>2025-06-28T17:26:23.006Z</time></trkpt><trkpt lat="25.228068" lon="-100.073077"><ele>505.837</ele><time>2025-06-28T17:26:44.006Z</time></trkpt><trkpt lat="25.228112" lon="-100.073086"><ele>505.610</ele><time>2025-06-28T17:27:20.006Z</time></trkpt><trkpt lat="25.228158" lon="-100.073105"><ele>505.097</ele><time>2025-06-28T17:27:28.006Z</time></trkpt><trkpt lat="25.228185" lon="-100.073155"><ele>504.723</ele><time>2025-06-28T17:27:45.006Z</time></trkpt><trkpt lat="25.228232" lon="-100.073126"><ele>504.725</ele><time>2025-06-28T17:28:17.006Z</time></trkpt><trkpt lat="25.228256" lon="-100.073176"><ele>504.709</ele><time>2025-06-28T17:28:29.006Z</time></trkpt><trkpt lat="25.228290" lon="-100.073211"><ele>504.881</ele><time>2025-06-28T17:28:37.006Z</time></trkpt><trkpt lat="25.228335" lon="-100.073201"><ele>504.995</ele><time>2025-06-28T17:28:55.006Z</time></trkpt><trkpt lat="25.228382" lon="-100.073214"><ele>505.026</ele><time>2025-06-28T17:29:22.006Z</time></trkpt><trkpt lat="25.228427" lon="-100.073227"><ele>504.944</ele><time>2025-06-28T17:29:36.006Z</time></trkpt><trkpt lat="25.228472" lon="-100.073257"><ele>504.768</ele><time>2025-06-28T17:29:43.006Z</time></trkpt><trkpt lat="25.228523" lon="-100.073272"><ele>504.549</ele><time>2025-06-28T17:29:46.006Z</time></trkpt><trkpt lat="25.228567" lon="-100.073287"><ele>504.669</ele><time>2025-06-28T17:29:58.006Z</time></trkpt><trkpt lat="25.228614" lon="-100.073275"><ele>504.619</ele><time>2025-06-28T17:30:07.006Z</time></trkpt><trkpt lat="25.228652" lon="-100.073305"><ele>504.642</ele><time>2025-06-28T17:30:16.007Z</time></trkpt><trkpt lat="25.228659" lon="-100.073354"><ele>504.865</ele><time>2025-06-28T17:30:30.007Z</time></trkpt><trkpt lat="25.228707" lon="-100.073357"><ele>504.968</ele><time>2025-06-28T17:30:45.007Z</time></trkpt><trkpt lat="25.228747" lon="-100.073391"><ele>505.114</ele><time>2025-06-28T17:31:04.007Z</time></trkpt><trkpt lat="25.228794" lon="-100.073384"><ele>505.409</ele><time>2025-06-28T17:31:10.007Z</time></trkpt><trkpt lat="25.228844" lon="-100.073383"><ele>505.658</ele><time>2025-06-28T17:31:24.007Z</time></trkpt><trkpt lat="25.228899" lon="-100.073414"><ele>505.782</ele><time>2025-06-28T17:31:38.007Z</time></trkpt><trkpt lat="25.228951" lon="-100.073401"><ele>505.843</ele><time>2025-06-28T17:32:07.007Z</time></trkpt><trkpt lat="25.228992" lon="-100.073421"><ele>505.921</ele><time>2025-06-28T17:32:23.007Z</time></trkpt><trkpt lat="25.229034" lon="-100.073443"><ele>506.085</ele><time>2025-06-28T17:32:35.007Z</time></trkpt><trkpt lat="25.229083" lon="-100.073457"><ele>506.186</ele><time>2025-06-28T17:32:43.007Z</time></trkpt><trkpt lat="25.229128" lon="-100.073473"><ele>506.236</ele><time>2025-06-28T17:32:50.007Z</time></trkpt><trkpt lat="25.229163" lon="-100.073507"><ele>506.586</ele><time>2025-06-28T17:32:56.007Z</time></trkpt><trkpt lat="25.229213" lon="-100.073502"><ele>506.839</ele><time>2025-06-28T17:33:15.007Z</time></trkpt><trkpt lat="25.229260" lon="-100.073500"><ele>506.938</ele><time>2025-06-28T17:33:26.007Z</time></trkpt><trkpt lat="25.229303" lon="-100.073522"><ele>507.070</ele><time>2025-06-28T17:33:40.007Z</time></trkpt><trkpt lat="25.229350" lon="-100.073540"><ele>507.217</ele><time>2025-06-28T17:33:49.007Z</time></trkpt><trkpt lat="25.229395" lon="-100.073519"><ele>507.409</ele><time>2025-06-28T17:34:07.007Z</time></trkpt><trkpt lat="25.229443" lon="-100.073507"><ele>507.545</ele><time>2025-06-28T17:34:34.007Z</time></trkpt><trkpt lat="25.229484" lon="-100.073535"><ele>507.539</ele><time>2025-06-28T17:34:43.007Z</time></trkpt><trkpt lat="25.229530" lon="-100.073544"><ele>507.570</ele><time>2025-06-28T17:34:51.007Z</time></trkpt><trkpt lat="25.229580" lon="-100.073552"><ele>507.338</ele><time>2025-06-28T17:34:57.007Z</time></trkpt><trkpt lat="25.229627" lon="-100.073568"><ele>507.162</ele><time>2025-06-28T17:35:03.007Z</time></trkpt><trkpt lat="25.229678" lon="-100.073593"><ele>507.083</ele><time>2025-06-28T17:35:09.007Z</time></trkpt><trkpt lat="25.229729" lon="-100.073575"><ele>506.863</ele><time>2025-06-28T17:35:15.007Z</time></trkpt><trkpt lat="25.229769" lon="-100.073552"><ele>506.583</ele><time>2025-06-28T17:35:22.007Z</time></trkpt><trkpt lat="25.229788" lon="-100.073501"><ele>506.126</ele><time>2025-06-28T17:35:30.007Z</time></trkpt><trkpt lat="25.229813" lon="-100.073458"><ele>505.844</ele><time>2025-06-28T17:35:36.007Z</time></trkpt><trkpt lat="25.229830" lon="-100.073408"><ele>505.805</ele><time>2025-06-28T17:35:44.007Z</time></trkpt><trkpt lat="25.229852" lon="-100.073360"><ele>505.715</ele><time>2025-06-28T17:35:51.007Z</time></trkpt><trkpt lat="25.229864" lon="-100.073304"><ele>505.709</ele><time>2025-06-28T17:35:58.007Z</time></trkpt><trkpt lat="25.229872" lon="-100.073244"><ele>506.136</ele><time>2025-06-28T17:36:05.007Z</time></trkpt><trkpt lat="25.229894" lon="-100.073190"><ele>506.220</ele><time>2025-06-28T17:36:13.007Z</time></trkpt><trkpt lat="25.229907" lon="-100.073141"><ele>506.321</ele><time>2025-06-28T17:36:32.007Z</time></trkpt><trkpt lat="25.229886" lon="-100.073066"><ele>506.249</ele><time>2025-06-28T17:36:38.007Z</time></trkpt><trkpt lat="25.229904" lon="-100.073008"><ele>506.183</ele><time>2025-06-28T17:37:08.007Z</time></trkpt><trkpt lat="25.229858" lon="-100.072994"><ele>506.074</ele><time>2025-06-28T17:38:12.007Z</time></trkpt><trkpt lat="25.229840" lon="-100.072948"><ele>505.894</ele><time>2025-06-28T17:38:19.007Z</time></trkpt><trkpt lat="25.229848" lon="-100.072891"><ele>505.794</ele><time>2025-06-28T17:38:25.007Z</time></trkpt><trkpt lat="25.229815" lon="-100.072925"><ele>505.797</ele><time>2025-06-28T17:38:36.007Z</time></trkpt><trkpt lat="25.229790" lon="-100.072881"><ele>505.733</ele><time>2025-06-28T17:38:44.007Z</time></trkpt><trkpt lat="25.229747" lon="-100.072844"><ele>505.723</ele><time>2025-06-28T17:38:51.007Z</time></trkpt><trkpt lat="25.229709" lon="-100.072811"><ele>505.815</ele><time>2025-06-28T17:38:57.007Z</time></trkpt><trkpt lat="25.229672" lon="-100.072780"><ele>505.909</ele><time>2025-06-28T17:39:02.007Z</time></trkpt><trkpt lat="25.229628" lon="-100.072753"><ele>506.195</ele><time>2025-06-28T17:39:10.007Z</time></trkpt><trkpt lat="25.229577" lon="-100.072763"><ele>506.319</ele><time>2025-06-28T17:39:18.007Z</time></trkpt><trkpt lat="25.229535" lon="-100.072739"><ele>506.330</ele><time>2025-06-28T17:39:23.007Z</time></trkpt><trkpt lat="25.229489" lon="-100.072723"><ele>506.428</ele><time>2025-06-28T17:39:35.007Z</time></trkpt><trkpt lat="25.229488" lon="-100.072659"><ele>506.442</ele><time>2025-06-28T17:39:43.007Z</time></trkpt><trkpt lat="25.229488" lon="-100.072603"><ele>506.483</ele><time>2025-06-28T17:39:49.007Z</time></trkpt><trkpt lat="25.229453" lon="-100.072566"><ele>506.463</ele><time>2025-06-28T17:39:55.007Z</time></trkpt><trkpt lat="25.229418" lon="-100.072523"><ele>506.473</ele><time>2025-06-28T17:40:02.007Z</time></trkpt><trkpt lat="25.229370" lon="-100.072547"><ele>506.426</ele><time>2025-06-28T17:40:21.007Z</time></trkpt><trkpt lat="25.229316" lon="-100.072575"><ele>506.067</ele><time>2025-06-28T17:40:26.007Z</time></trkpt><trkpt lat="25.229258" lon="-100.072595"><ele>505.981</ele><time>2025-06-28T17:40:31.007Z</time></trkpt><trkpt lat="25.229212" lon="-100.072555"><ele>505.819</ele><time>2025-06-28T17:40:40.007Z</time></trkpt><trkpt lat="25.229157" lon="-100.072528"><ele>505.809</ele><time>2025-06-28T17:40:49.007Z</time></trkpt><trkpt lat="25.229112" lon="-100.072515"><ele>505.838</ele><time>2025-06-28T17:40:55.007Z</time></trkpt><trkpt lat="25.229066" lon="-100.072503"><ele>505.832</ele><time>2025-06-28T17:41:04.007Z</time></trkpt><trkpt lat="25.229048" lon="-100.072446"><ele>505.953</ele><time>2025-06-28T17:41:09.007Z</time></trkpt><trkpt lat="25.229025" lon="-100.072397"><ele>505.951</ele><time>2025-06-28T17:41:16.007Z</time></trkpt><trkpt lat="25.229010" lon="-100.072347"><ele>506.155</ele><time>2025-06-28T17:41:31.007Z</time></trkpt><trkpt lat="25.229011" lon="-100.072295"><ele>506.236</ele><time>2025-06-28T17:41:33.007Z</time></trkpt><trkpt lat="25.229004" lon="-100.072225"><ele>507.266</ele><time>2025-06-28T17:41:40.007Z</time></trkpt><trkpt lat="25.228968" lon="-100.072193"><ele>507.836</ele><time>2025-06-28T17:41:46.007Z</time></trkpt><trkpt lat="25.228949" lon="-100.072137"><ele>507.939</ele><time>2025-06-28T17:41:53.007Z</time></trkpt><trkpt lat="25.228939" lon="-100.072078"><ele>507.946</ele><time>2025-06-28T17:42:02.007Z</time></trkpt><trkpt lat="25.228948" lon="-100.072022"><ele>507.988</ele><time>2025-06-28T17:42:13.007Z</time></trkpt><trkpt lat="25.228916" lon="-100.071982"><ele>507.916</ele><time>2025-06-28T17:42:22.007Z</time></trkpt><trkpt lat="25.228947" lon="-100.071946"><ele>507.909</ele><time>2025-06-28T17:42:27.007Z</time></trkpt><trkpt lat="25.228949" lon="-100.071896"><ele>508.076</ele><time>2025-06-28T17:42:34.007Z</time></trkpt><trkpt lat="25.228955" lon="-100.071825"><ele>508.080</ele><time>2025-06-28T17:42:40.007Z</time></trkpt><trkpt lat="25.228919" lon="-100.071792"><ele>508.161</ele><time>2025-06-28T17:42:45.007Z</time></trkpt><trkpt lat="25.228946" lon="-100.071749"><ele>508.139</ele><time>2025-06-28T17:42:51.007Z</time></trkpt><trkpt lat="25.228953" lon="-100.071700"><ele>508.183</ele><time>2025-06-28T17:42:58.007Z</time></trkpt><trkpt lat="25.228964" lon="-100.071650"><ele>508.184</ele><time>2025-06-28T17:43:05.007Z</time></trkpt><trkpt lat="25.228931" lon="-100.071615"><ele>508.084</ele><time>2025-06-28T17:43:11.007Z</time></trkpt><trkpt lat="25.228952" lon="-100.071569"><ele>507.994</ele><time>2025-06-28T17:43:16.007Z</time></trkpt><trkpt lat="25.228965" lon="-100.071512"><ele>507.897</ele><time>2025-06-28T17:43:28.007Z</time></trkpt><trkpt lat="25.228973" lon="-100.071453"><ele>507.746</ele><time>2025-06-28T17:43:37.007Z</time></trkpt><trkpt lat="25.229012" lon="-100.071425"><ele>507.688</ele><time>2025-06-28T17:43:43.007Z</time></trkpt><trkpt lat="25.229031" lon="-100.071372"><ele>507.516</ele><time>2025-06-28T17:43:54.007Z</time></trkpt><trkpt lat="25.229019" lon="-100.071323"><ele>507.509</ele><time>2025-06-28T17:44:00.007Z</time></trkpt><trkpt lat="25.229026" lon="-100.071272"><ele>507.566</ele><time>2025-06-28T17:44:10.007Z</time></trkpt><trkpt lat="25.228990" lon="-100.071241"><ele>507.570</ele><time>2025-06-28T17:44:22.007Z</time></trkpt><trkpt lat="25.228940" lon="-100.071223"><ele>507.681</ele><time>2025-06-28T17:44:38.007Z</time></trkpt><trkpt lat="25.228896" lon="-100.071213"><ele>507.879</ele><time>2025-06-28T17:44:54.007Z</time></trkpt><trkpt lat="25.228852" lon="-100.071227"><ele>508.193</ele><time>2025-06-28T17:45:24.007Z</time></trkpt><trkpt lat="25.228824" lon="-100.071187"><ele>508.264</ele><time>2025-06-28T17:45:34.007Z</time></trkpt><trkpt lat="25.228852" lon="-100.071137"><ele>508.354</ele><time>2025-06-28T17:45:44.007Z</time></trkpt><trkpt lat="25.228863" lon="-100.071085"><ele>508.474</ele><time>2025-06-28T17:45:54.007Z</time></trkpt><trkpt lat="25.228875" lon="-100.071033"><ele>508.427</ele><time>2025-06-28T17:46:18.007Z</time></trkpt><trkpt lat="25.228911" lon="-100.070998"><ele>508.491</ele><time>2025-06-28T17:46:25.007Z</time></trkpt><trkpt lat="25.228949" lon="-100.070960"><ele>508.581</ele><time>2025-06-28T17:46:41.007Z</time></trkpt><trkpt lat="25.228973" lon="-100.070912"><ele>508.519</ele><time>2025-06-28T17:46:57.007Z</time></trkpt><trkpt lat="25.229025" lon="-100.070896"><ele>508.609</ele><time>2025-06-28T17:47:14.007Z</time></trkpt><trkpt lat="25.229067" lon="-100.070871"><ele>508.631</ele><time>2025-06-28T17:47:22.007Z</time></trkpt><trkpt lat="25.229103" lon="-100.070815"><ele>508.635</ele><time>2025-06-28T17:47:32.007Z</time></trkpt><trkpt lat="25.229097" lon="-100.070755"><ele>508.686</ele><time>2025-06-28T17:47:41.007Z</time></trkpt><trkpt lat="25.229142" lon="-100.070727"><ele>508.624</ele><time>2025-06-28T17:47:49.007Z</time></trkpt><trkpt lat="25.229186" lon="-100.070706"><ele>508.688</ele><time>2025-06-28T17:47:58.007Z</time></trkpt><trkpt lat="25.229229" lon="-100.070685"><ele>508.639</ele><time>2025-06-28T17:48:06.007Z</time></trkpt><trkpt lat="25.229270" lon="-100.070659"><ele>508.659</ele><time>2025-06-28T17:48:13.007Z</time></trkpt><trkpt lat="25.229310" lon="-100.070632"><ele>508.579</ele><time>2025-06-28T17:48:19.007Z</time></trkpt><trkpt lat="25.229335" lon="-100.070583"><ele>508.332</ele><time>2025-06-28T17:48:28.007Z</time></trkpt><trkpt lat="25.229377" lon="-100.070555"><ele>508.016</ele><time>2025-06-28T17:48:38.007Z</time></trkpt><trkpt lat="25.229422" lon="-100.070560"><ele>508.076</ele><time>2025-06-28T17:48:47.007Z</time></trkpt><trkpt lat="25.229476" lon="-100.070550"><ele>508.013</ele><time>2025-06-28T17:48:58.007Z</time></trkpt><trkpt lat="25.229517" lon="-100.070525"><ele>508.009</ele><time>2025-06-28T17:49:06.007Z</time></trkpt><trkpt lat="25.229565" lon="-100.070512"><ele>508.023</ele><time>2025-06-28T17:49:12.007Z</time></trkpt><trkpt lat="25.229607" lon="-100.070494"><ele>508.077</ele><time>2025-06-28T17:49:20.007Z</time></trkpt><trkpt lat="25.229643" lon="-100.070460"><ele>508.128</ele><time>2025-06-28T17:49:25.007Z</time></trkpt><trkpt lat="25.229679" lon="-100.070428"><ele>508.416</ele><time>2025-06-28T17:49:32.007Z</time></trkpt><trkpt lat="25.229717" lon="-100.070398"><ele>508.690</ele><time>2025-06-28T17:49:39.007Z</time></trkpt><trkpt lat="25.229757" lon="-100.070372"><ele>508.851</ele><time>2025-06-28T17:49:45.007Z</time></trkpt><trkpt lat="25.229794" lon="-100.070334"><ele>509.131</ele><time>2025-06-28T17:49:53.007Z</time></trkpt><trkpt lat="25.229836" lon="-100.070312"><ele>509.461</ele><time>2025-06-28T17:49:58.007Z</time></trkpt><trkpt lat="25.229877" lon="-100.070286"><ele>509.694</ele><time>2025-06-28T17:50:03.007Z</time></trkpt><trkpt lat="25.229924" lon="-100.070284"><ele>509.863</ele><time>2025-06-28T17:50:21.007Z</time></trkpt><trkpt lat="25.229945" lon="-100.070236"><ele>510.044</ele><time>2025-06-28T17:50:34.007Z</time></trkpt><trkpt lat="25.229980" lon="-100.070193"><ele>510.118</ele><time>2025-06-28T17:50:47.007Z</time></trkpt><trkpt lat="25.230016" lon="-100.070158"><ele>510.109</ele><time>2025-06-28T17:51:01.007Z</time></trkpt><trkpt lat="25.230074" lon="-100.070158"><ele>510.198</ele><time>2025-06-28T17:51:15.007Z</time></trkpt><trkpt lat="25.230059" lon="-100.070107"><ele>508.882</ele><time>2025-06-28T17:51:21.007Z</time></trkpt><trkpt lat="25.230139" lon="-100.070105"><ele>508.833</ele><time>2025-06-28T17:51:29.007Z</time></trkpt><trkpt lat="25.230185" lon="-100.070107"><ele>508.891</ele><time>2025-06-28T17:52:04.007Z</time></trkpt><trkpt lat="25.230233" lon="-100.070118"><ele>509.025</ele><time>2025-06-28T17:52:12.007Z</time></trkpt><trkpt lat="25.230277" lon="-100.070097"><ele>509.176</ele><time>2025-06-28T17:52:21.007Z</time></trkpt><trkpt lat="25.230311" lon="-100.070061"><ele>509.116</ele><time>2025-06-28T17:52:34.007Z</time></trkpt><trkpt lat="25.230349" lon="-100.070022"><ele>509.146</ele><time>2025-06-28T17:52:48.007Z</time></trkpt><trkpt lat="25.230378" lon="-100.069977"><ele>509.139</ele><time>2025-06-28T17:52:58.007Z</time></trkpt><trkpt lat="25.230417" lon="-100.069947"><ele>509.167</ele><time>2025-06-28T17:53:08.007Z</time></trkpt><trkpt lat="25.230462" lon="-100.069954"><ele>509.181</ele><time>2025-06-28T17:53:20.007Z</time></trkpt><trkpt lat="25.230507" lon="-100.069941"><ele>509.119</ele><time>2025-06-28T17:53:38.007Z</time></trkpt><trkpt lat="25.230554" lon="-100.069934"><ele>509.109</ele><time>2025-06-28T17:53:51.007Z</time></trkpt><trkpt lat="25.230599" lon="-100.069927"><ele>509.218</ele><time>2025-06-28T17:54:02.007Z</time></trkpt><trkpt lat="25.230643" lon="-100.069915"><ele>509.372</ele><time>2025-06-28T17:54:10.007Z</time></trkpt><trkpt lat="25.230688" lon="-100.069899"><ele>509.493</ele><time>2025-06-28T17:54:17.007Z</time></trkpt><trkpt lat="25.230737" lon="-100.069876"><ele>509.561</ele><time>2025-06-28T17:54:25.007Z</time></trkpt><trkpt lat="25.230781" lon="-100.069863"><ele>509.725</ele><time>2025-06-28T17:54:34.007Z</time></trkpt><trkpt lat="25.230826" lon="-100.069852"><ele>509.966</ele><time>2025-06-28T17:54:43.007Z</time></trkpt><trkpt lat="25.230874" lon="-100.069856"><ele>509.986</ele><time>2025-06-28T17:54:52.007Z</time></trkpt><trkpt lat="25.230919" lon="-100.069837"><ele>509.966</ele><time>2025-06-28T17:55:00.007Z</time></trkpt><trkpt lat="25.230965" lon="-100.069819"><ele>509.459</ele><time>2025-06-28T17:55:08.007Z</time></trkpt><trkpt lat="25.230984" lon="-100.069769"><ele>508.915</ele><time>2025-06-28T17:55:17.007Z</time></trkpt><trkpt lat="25.231005" lon="-100.069719"><ele>508.865</ele><time>2025-06-28T17:57:27.008Z</time></trkpt><trkpt lat="25.230959" lon="-100.069712"><ele>508.711</ele><time>2025-06-28T17:58:14.008Z</time></trkpt><trkpt lat="25.230913" lon="-100.069725"><ele>508.609</ele><time>2025-06-28T17:59:39.008Z</time></trkpt><trkpt lat="25.230956" lon="-100.069696"><ele>508.583</ele><time>2025-06-28T18:01:54.009Z</time></trkpt><trkpt lat="25.231007" lon="-100.069712"><ele>508.457</ele><time>2025-06-28T18:02:48.010Z</time></trkpt><trkpt lat="25.230960" lon="-100.069705"><ele>508.298</ele><time>2025-06-28T18:03:53.010Z</time></trkpt><trkpt lat="25.230922" lon="-100.069670"><ele>508.296</ele><time>2025-06-28T18:05:33.011Z</time></trkpt><trkpt lat="25.230970" lon="-100.069694"><ele>508.380</ele><time>2025-06-28T18:06:16.010Z</time></trkpt><trkpt lat="25.230936" lon="-100.069727"><ele>508.361</ele><time>2025-06-28T18:06:38.010Z</time></trkpt><trkpt lat="25.230908" lon="-100.069768"><ele>508.721</ele><time>2025-06-28T18:06:54.010Z</time></trkpt><trkpt lat="25.230936" lon="-100.069716"><ele>509.221</ele><time>2025-06-28T18:07:59.010Z</time></trkpt><trkpt lat="25.230989" lon="-100.069725"><ele>510.184</ele><time>2025-06-28T18:10:42.010Z</time></trkpt><trkpt lat="25.231027" lon="-100.069689"><ele>511.064</ele><time>2025-06-28T18:11:11.010Z</time></trkpt><trkpt lat="25.231080" lon="-100.069695"><ele>511.206</ele><time>2025-06-28T18:11:22.010Z</time></trkpt><trkpt lat="25.231130" lon="-100.069685"><ele>511.316</ele><time>2025-06-28T18:11:47.010Z</time></trkpt><trkpt lat="25.231175" lon="-100.069669"><ele>511.709</ele><time>2025-06-28T18:11:56.010Z</time></trkpt><trkpt lat="25.231227" lon="-100.069667"><ele>511.998</ele><time>2025-06-28T18:12:04.010Z</time></trkpt><trkpt lat="25.231276" lon="-100.069653"><ele>511.922</ele><time>2025-06-28T18:12:15.010Z</time></trkpt><trkpt lat="25.231324" lon="-100.069652"><ele>511.963</ele><time>2025-06-28T18:12:28.010Z</time></trkpt><trkpt lat="25.231364" lon="-100.069685"><ele>511.811</ele><time>2025-06-28T18:12:42.010Z</time></trkpt><trkpt lat="25.231403" lon="-100.069660"><ele>511.825</ele><time>2025-06-28T18:12:50.010Z</time></trkpt><trkpt lat="25.231443" lon="-100.069636"><ele>511.716</ele><time>2025-06-28T18:12:56.010Z</time></trkpt><trkpt lat="25.231497" lon="-100.069657"><ele>511.666</ele><time>2025-06-28T18:13:08.010Z</time></trkpt><trkpt lat="25.231543" lon="-100.069664"><ele>511.576</ele><time>2025-06-28T18:13:14.010Z</time></trkpt><trkpt lat="25.231588" lon="-100.069654"><ele>511.359</ele><time>2025-06-28T18:13:30.010Z</time></trkpt><trkpt lat="25.231632" lon="-100.069638"><ele>510.836</ele><time>2025-06-28T18:13:41.010Z</time></trkpt><trkpt lat="25.231677" lon="-100.069653"><ele>510.417</ele><time>2025-06-28T18:13:51.010Z</time></trkpt><trkpt lat="25.231726" lon="-100.069662"><ele>510.318</ele><time>2025-06-28T18:14:00.010Z</time></trkpt><trkpt lat="25.231762" lon="-100.069628"><ele>510.309</ele><time>2025-06-28T18:14:08.010Z</time></trkpt><trkpt lat="25.231816" lon="-100.069636"><ele>510.385</ele><time>2025-06-28T18:14:17.010Z</time></trkpt><trkpt lat="25.231865" lon="-100.069653"><ele>510.319</ele><time>2025-06-28T18:14:24.010Z</time></trkpt><trkpt lat="25.231902" lon="-100.069687"><ele>510.450</ele><time>2025-06-28T18:14:30.010Z</time></trkpt><trkpt lat="25.231952" lon="-100.069687"><ele>510.488</ele><time>2025-06-28T18:14:37.010Z</time></trkpt><trkpt lat="25.231991" lon="-100.069713"><ele>510.542</ele><time>2025-06-28T18:14:43.010Z</time></trkpt><trkpt lat="25.232042" lon="-100.069723"><ele>510.583</ele><time>2025-06-28T18:14:51.010Z</time></trkpt><trkpt lat="25.232086" lon="-100.069755"><ele>510.613</ele><time>2025-06-28T18:14:56.010Z</time></trkpt><trkpt lat="25.232134" lon="-100.069743"><ele>511.083</ele><time>2025-06-28T18:15:09.010Z</time></trkpt><trkpt lat="25.232161" lon="-100.069800"><ele>511.516</ele><time>2025-06-28T18:15:25.010Z</time></trkpt><trkpt lat="25.232192" lon="-100.069839"><ele>511.827</ele><time>2025-06-28T18:15:31.010Z</time></trkpt><trkpt lat="25.232229" lon="-100.069880"><ele>511.968</ele><time>2025-06-28T18:15:37.010Z</time></trkpt><trkpt lat="25.232270" lon="-100.069912"><ele>512.014</ele><time>2025-06-28T18:15:45.010Z</time></trkpt><trkpt lat="25.232314" lon="-100.069929"><ele>512.109</ele><time>2025-06-28T18:15:56.010Z</time></trkpt><trkpt lat="25.232361" lon="-100.069946"><ele>512.194</ele><time>2025-06-28T18:16:03.010Z</time></trkpt><trkpt lat="25.232404" lon="-100.069974"><ele>512.178</ele><time>2025-06-28T18:16:17.010Z</time></trkpt><trkpt lat="25.232448" lon="-100.069996"><ele>512.149</ele><time>2025-06-28T18:16:27.010Z</time></trkpt><trkpt lat="25.232492" lon="-100.070010"><ele>512.147</ele><time>2025-06-28T18:16:32.010Z</time></trkpt><trkpt lat="25.232545" lon="-100.070032"><ele>512.171</ele><time>2025-06-28T18:16:40.010Z</time></trkpt><trkpt lat="25.232596" lon="-100.070030"><ele>512.142</ele><time>2025-06-28T18:16:47.010Z</time></trkpt><trkpt lat="25.232641" lon="-100.070039"><ele>512.152</ele><time>2025-06-28T18:16:54.010Z</time></trkpt><trkpt lat="25.232697" lon="-100.070066"><ele>512.282</ele><time>2025-06-28T18:17:00.010Z</time></trkpt><trkpt lat="25.232744" lon="-100.070072"><ele>512.535</ele><time>2025-06-28T18:17:06.010Z</time></trkpt><trkpt lat="25.232797" lon="-100.070076"><ele>512.789</ele><time>2025-06-28T18:17:11.010Z</time></trkpt><trkpt lat="25.232841" lon="-100.070109"><ele>512.806</ele><time>2025-06-28T18:17:19.010Z</time></trkpt><trkpt lat="25.232889" lon="-100.070147"><ele>513.026</ele><time>2025-06-28T18:17:27.010Z</time></trkpt><trkpt lat="25.232930" lon="-100.070177"><ele>513.209</ele><time>2025-06-28T18:17:32.010Z</time></trkpt><trkpt lat="25.232964" lon="-100.070210"><ele>513.540</ele><time>2025-06-28T18:17:37.010Z</time></trkpt><trkpt lat="25.233008" lon="-100.070223"><ele>514.184</ele><time>2025-06-28T18:17:42.010Z</time></trkpt><trkpt lat="25.233053" lon="-100.070255"><ele>514.735</ele><time>2025-06-28T18:17:48.010Z</time></trkpt><trkpt lat="25.233101" lon="-100.070255"><ele>514.983</ele><time>2025-06-28T18:18:01.010Z</time></trkpt><trkpt lat="25.233132" lon="-100.070295"><ele>514.987</ele><time>2025-06-28T18:18:12.010Z</time></trkpt><trkpt lat="25.233154" lon="-100.070348"><ele>514.998</ele><time>2025-06-28T18:18:22.010Z</time></trkpt><trkpt lat="25.233189" lon="-100.070392"><ele>514.598</ele><time>2025-06-28T18:18:27.010Z</time></trkpt><trkpt lat="25.233244" lon="-100.070382"><ele>513.998</ele><time>2025-06-28T18:18:36.010Z</time></trkpt><trkpt lat="25.233289" lon="-100.070390"><ele>513.681</ele><time>2025-06-28T18:18:45.010Z</time></trkpt><trkpt lat="25.233332" lon="-100.070365"><ele>513.516</ele><time>2025-06-28T18:18:51.010Z</time></trkpt><trkpt lat="25.233378" lon="-100.070374"><ele>513.476</ele><time>2025-06-28T18:18:59.010Z</time></trkpt><trkpt lat="25.233423" lon="-100.070394"><ele>513.013</ele><time>2025-06-28T18:19:06.010Z</time></trkpt><trkpt lat="25.233468" lon="-100.070409"><ele>512.709</ele><time>2025-06-28T18:19:40.010Z</time></trkpt><trkpt lat="25.233519" lon="-100.070395"><ele>512.763</ele><time>2025-06-28T18:19:53.010Z</time></trkpt><trkpt lat="25.233577" lon="-100.070403"><ele>512.747</ele><time>2025-06-28T18:20:16.010Z</time></trkpt><trkpt lat="25.233622" lon="-100.070395"><ele>512.668</ele><time>2025-06-28T18:20:28.010Z</time></trkpt><trkpt lat="25.233666" lon="-100.070381"><ele>512.636</ele><time>2025-06-28T18:20:56.009Z</time></trkpt><trkpt lat="25.233703" lon="-100.070344"><ele>512.690</ele><time>2025-06-28T18:21:15.009Z</time></trkpt><trkpt lat="25.233740" lon="-100.070303"><ele>512.651</ele><time>2025-06-28T18:21:27.009Z</time></trkpt><trkpt lat="25.233780" lon="-100.070268"><ele>512.831</ele><time>2025-06-28T18:21:46.009Z</time></trkpt><trkpt lat="25.233805" lon="-100.070311"><ele>513.091</ele><time>2025-06-28T18:22:08.009Z</time></trkpt><trkpt lat="25.233857" lon="-100.070288"><ele>513.884</ele><time>2025-06-28T18:22:24.009Z</time></trkpt><trkpt lat="25.233883" lon="-100.070236"><ele>514.297</ele><time>2025-06-28T18:22:54.009Z</time></trkpt><trkpt lat="25.233938" lon="-100.070200"><ele>514.323</ele><time>2025-06-28T18:23:01.009Z</time></trkpt><trkpt lat="25.233983" lon="-100.070198"><ele>514.525</ele><time>2025-06-28T18:23:07.009Z</time></trkpt><trkpt lat="25.234035" lon="-100.070189"><ele>514.909</ele><time>2025-06-28T18:23:13.009Z</time></trkpt><trkpt lat="25.234080" lon="-100.070167"><ele>515.621</ele><time>2025-06-28T18:23:17.009Z</time></trkpt><trkpt lat="25.234130" lon="-100.070156"><ele>516.265</ele><time>2025-06-28T18:23:23.009Z</time></trkpt><trkpt lat="25.234175" lon="-100.070169"><ele>516.426</ele><time>2025-06-28T18:23:28.009Z</time></trkpt><trkpt lat="25.234215" lon="-100.070139"><ele>516.564</ele><time>2025-06-28T18:23:34.009Z</time></trkpt><trkpt lat="25.234245" lon="-100.070100"><ele>516.618</ele><time>2025-06-28T18:23:41.009Z</time></trkpt><trkpt lat="25.234282" lon="-100.070062"><ele>516.689</ele><time>2025-06-28T18:23:50.009Z</time></trkpt><trkpt lat="25.234316" lon="-100.070029"><ele>516.679</ele><time>2025-06-28T18:23:56.009Z</time></trkpt><trkpt lat="25.234349" lon="-100.069992"><ele>516.679</ele><time>2025-06-28T18:24:02.009Z</time></trkpt><trkpt lat="25.234367" lon="-100.069945"><ele>516.542</ele><time>2025-06-28T18:24:11.009Z</time></trkpt><trkpt lat="25.234398" lon="-100.069907"><ele>516.251</ele><time>2025-06-28T18:24:18.009Z</time></trkpt><trkpt lat="25.234436" lon="-100.069870"><ele>515.901</ele><time>2025-06-28T18:24:25.009Z</time></trkpt><trkpt lat="25.234469" lon="-100.069822"><ele>515.711</ele><time>2025-06-28T18:24:34.009Z</time></trkpt><trkpt lat="25.234506" lon="-100.069792"><ele>515.509</ele><time>2025-06-28T18:24:40.009Z</time></trkpt><trkpt lat="25.234545" lon="-100.069756"><ele>515.477</ele><time>2025-06-28T18:24:50.009Z</time></trkpt><trkpt lat="25.234591" lon="-100.069746"><ele>515.371</ele><time>2025-06-28T18:25:02.009Z</time></trkpt><trkpt lat="25.234645" lon="-100.069737"><ele>515.232</ele><time>2025-06-28T18:25:09.009Z</time></trkpt><trkpt lat="25.234672" lon="-100.069688"><ele>515.030</ele><time>2025-06-28T18:25:18.009Z</time></trkpt><trkpt lat="25.234683" lon="-100.069636"><ele>514.874</ele><time>2025-06-28T18:25:35.009Z</time></trkpt><trkpt lat="25.234725" lon="-100.069603"><ele>514.635</ele><time>2025-06-28T18:25:44.009Z</time></trkpt><trkpt lat="25.234771" lon="-100.069586"><ele>514.685</ele><time>2025-06-28T18:25:53.009Z</time></trkpt><trkpt lat="25.234797" lon="-100.069526"><ele>514.615</ele><time>2025-06-28T18:25:59.009Z</time></trkpt><trkpt lat="25.234811" lon="-100.069475"><ele>514.848</ele><time>2025-06-28T18:26:05.009Z</time></trkpt><trkpt lat="25.234841" lon="-100.069433"><ele>515.288</ele><time>2025-06-28T18:26:12.009Z</time></trkpt><trkpt lat="25.234869" lon="-100.069394"><ele>515.224</ele><time>2025-06-28T18:26:22.009Z</time></trkpt><trkpt lat="25.234905" lon="-100.069362"><ele>515.226</ele><time>2025-06-28T18:26:30.009Z</time></trkpt><trkpt lat="25.234945" lon="-100.069327"><ele>515.209</ele><time>2025-06-28T18:26:35.009Z</time></trkpt><trkpt lat="25.234995" lon="-100.069331"><ele>515.090</ele><time>2025-06-28T18:26:46.009Z</time></trkpt><trkpt lat="25.235030" lon="-100.069290"><ele>515.034</ele><time>2025-06-28T18:26:49.009Z</time></trkpt><trkpt lat="25.235068" lon="-100.069257"><ele>515.095</ele><time>2025-06-28T18:27:39.009Z</time></trkpt><trkpt lat="25.235033" lon="-100.069291"><ele>515.053</ele><time>2025-06-28T18:27:50.009Z</time></trkpt><trkpt lat="25.234999" lon="-100.069245"><ele>515.047</ele><time>2025-06-28T18:28:01.009Z</time></trkpt><trkpt lat="25.235001" lon="-100.069192"><ele>515.098</ele><time>2025-06-28T18:28:07.009Z</time></trkpt><trkpt lat="25.235027" lon="-100.069149"><ele>515.028</ele><time>2025-06-28T18:28:13.009Z</time></trkpt><trkpt lat="25.235028" lon="-100.069098"><ele>514.988</ele><time>2025-06-28T18:28:18.009Z</time></trkpt><trkpt lat="25.235024" lon="-100.069045"><ele>514.851</ele><time>2025-06-28T18:28:24.009Z</time></trkpt><trkpt lat="25.235028" lon="-100.068989"><ele>514.744</ele><time>2025-06-28T18:28:30.009Z</time></trkpt><trkpt lat="25.235040" lon="-100.068934"><ele>514.705</ele><time>2025-06-28T18:28:36.009Z</time></trkpt><trkpt lat="25.235056" lon="-100.068878"><ele>514.715</ele><time>2025-06-28T18:28:43.009Z</time></trkpt><trkpt lat="25.235050" lon="-100.068825"><ele>514.909</ele><time>2025-06-28T18:28:51.009Z</time></trkpt><trkpt lat="25.235042" lon="-100.068774"><ele>515.186</ele><time>2025-06-28T18:29:01.009Z</time></trkpt><trkpt lat="25.235033" lon="-100.068723"><ele>515.120</ele><time>2025-06-28T18:29:08.009Z</time></trkpt><trkpt lat="25.235058" lon="-100.068676"><ele>515.181</ele><time>2025-06-28T18:29:17.009Z</time></trkpt><trkpt lat="25.235086" lon="-100.068635"><ele>515.189</ele><time>2025-06-28T18:29:23.009Z</time></trkpt><trkpt lat="25.235101" lon="-100.068584"><ele>515.023</ele><time>2025-06-28T18:29:37.009Z</time></trkpt><trkpt lat="25.235129" lon="-100.068538"><ele>515.024</ele><time>2025-06-28T18:29:44.009Z</time></trkpt><trkpt lat="25.235152" lon="-100.068484"><ele>515.034</ele><time>2025-06-28T18:29:49.009Z</time></trkpt><trkpt lat="25.235177" lon="-100.068433"><ele>515.024</ele><time>2025-06-28T18:29:56.009Z</time></trkpt><trkpt lat="25.235182" lon="-100.068376"><ele>515.057</ele><time>2025-06-28T18:30:05.009Z</time></trkpt><trkpt lat="25.235189" lon="-100.068324"><ele>515.091</ele><time>2025-06-28T18:30:14.009Z</time></trkpt><trkpt lat="25.235211" lon="-100.068276"><ele>515.081</ele><time>2025-06-28T18:30:22.009Z</time></trkpt><trkpt lat="25.235235" lon="-100.068226"><ele>514.919</ele><time>2025-06-28T18:30:28.009Z</time></trkpt><trkpt lat="25.235266" lon="-100.068185"><ele>514.909</ele><time>2025-06-28T18:30:33.009Z</time></trkpt><trkpt lat="25.235301" lon="-100.068150"><ele>514.871</ele><time>2025-06-28T18:30:40.009Z</time></trkpt><trkpt lat="25.235321" lon="-100.068105"><ele>514.735</ele><time>2025-06-28T18:30:47.009Z</time></trkpt><trkpt lat="25.235343" lon="-100.068061"><ele>514.736</ele><time>2025-06-28T18:30:57.009Z</time></trkpt><trkpt lat="25.235366" lon="-100.068017"><ele>514.794</ele><time>2025-06-28T18:31:05.009Z</time></trkpt><trkpt lat="25.235385" lon="-100.067964"><ele>514.768</ele><time>2025-06-28T18:31:16.009Z</time></trkpt><trkpt lat="25.235429" lon="-100.067939"><ele>514.799</ele><time>2025-06-28T18:31:32.009Z</time></trkpt><trkpt lat="25.235472" lon="-100.067921"><ele>514.779</ele><time>2025-06-28T18:31:42.009Z</time></trkpt><trkpt lat="25.235512" lon="-100.067885"><ele>514.749</ele><time>2025-06-28T18:31:54.009Z</time></trkpt><trkpt lat="25.235507" lon="-100.067827"><ele>514.792</ele><time>2025-06-28T18:32:07.009Z</time></trkpt><trkpt lat="25.235486" lon="-100.067782"><ele>514.718</ele><time>2025-06-28T18:32:27.009Z</time></trkpt><trkpt lat="25.235489" lon="-100.067732"><ele>514.698</ele><time>2025-06-28T18:34:00.009Z</time></trkpt><trkpt lat="25.235499" lon="-100.067682"><ele>514.617</ele><time>2025-06-28T18:34:10.009Z</time></trkpt><trkpt lat="25.235523" lon="-100.067639"><ele>514.609</ele><time>2025-06-28T18:34:18.009Z</time></trkpt><trkpt lat="25.235564" lon="-100.067616"><ele>514.673</ele><time>2025-06-28T18:34:29.009Z</time></trkpt><trkpt lat="25.235594" lon="-100.067578"><ele>514.767</ele><time>2025-06-28T18:34:41.009Z</time></trkpt><trkpt lat="25.235625" lon="-100.067530"><ele>515.238</ele><time>2025-06-28T18:34:59.009Z</time></trkpt><trkpt lat="25.235644" lon="-100.067484"><ele>515.996</ele><time>2025-06-28T18:35:10.009Z</time></trkpt><trkpt lat="25.235668" lon="-100.067440"><ele>516.190</ele><time>2025-06-28T18:35:24.010Z</time></trkpt><trkpt lat="25.235711" lon="-100.067416"><ele>516.361</ele><time>2025-06-28T18:35:48.010Z</time></trkpt><trkpt lat="25.235750" lon="-100.067388"><ele>516.681</ele><time>2025-06-28T18:36:00.010Z</time></trkpt><trkpt lat="25.235763" lon="-100.067335"><ele>516.681</ele><time>2025-06-28T18:36:12.010Z</time></trkpt><trkpt lat="25.235812" lon="-100.067312"><ele>516.564</ele><time>2025-06-28T18:36:38.010Z</time></trkpt><trkpt lat="25.235860" lon="-100.067293"><ele>516.735</ele><time>2025-06-28T18:36:53.010Z</time></trkpt><trkpt lat="25.235885" lon="-100.067246"><ele>516.986</ele><time>2025-06-28T18:37:08.010Z</time></trkpt><trkpt lat="25.235890" lon="-100.067196"><ele>516.914</ele><time>2025-06-28T18:37:15.010Z</time></trkpt><trkpt lat="25.235892" lon="-100.067146"><ele>517.509</ele><time>2025-06-28T18:37:30.010Z</time></trkpt><trkpt lat="25.235895" lon="-100.067096"><ele>518.375</ele><time>2025-06-28T18:37:43.010Z</time></trkpt><trkpt lat="25.235873" lon="-100.067040"><ele>518.819</ele><time>2025-06-28T18:38:09.010Z</time></trkpt><trkpt lat="25.235873" lon="-100.066990"><ele>518.910</ele><time>2025-06-28T18:38:21.010Z</time></trkpt><trkpt lat="25.235888" lon="-100.066941"><ele>519.058</ele><time>2025-06-28T18:38:33.010Z</time></trkpt><trkpt lat="25.235900" lon="-100.066886"><ele>520.742</ele><time>2025-06-28T18:38:50.010Z</time></trkpt><trkpt lat="25.235877" lon="-100.066930"><ele>522.483</ele><time>2025-06-28T18:39:20.009Z</time></trkpt><trkpt lat="25.235900" lon="-100.066886"><ele>520.773</ele><time>2025-06-28T18:39:50.008Z</time></trkpt><trkpt lat="25.235888" lon="-100.066941"><ele>519.053</ele><time>2025-06-28T18:40:07.008Z</time></trkpt><trkpt lat="25.235873" lon="-100.066990"><ele>518.926</ele><time>2025-06-28T18:40:19.008Z</time></trkpt><trkpt lat="25.235873" lon="-100.067040"><ele>518.823</ele><time>2025-06-28T18:40:31.008Z</time></trkpt><trkpt lat="25.235895" lon="-100.067096"><ele>518.383</ele><time>2025-06-28T18:40:57.008Z</time></trkpt><trkpt lat="25.235892" lon="-100.067146"><ele>517.511</ele><time>2025-06-28T18:41:10.008Z</time></trkpt><trkpt lat="25.235890" lon="-100.067196"><ele>516.909</ele><time>2025-06-28T18:41:25.008Z</time></trkpt><trkpt lat="25.235885" lon="-100.067246"><ele>516.974</ele><time>2025-06-28T18:41:32.008Z</time></trkpt><trkpt lat="25.235860" lon="-100.067293"><ele>516.738</ele><time>2025-06-28T18:41:47.008Z</time></trkpt><trkpt lat="25.235812" lon="-100.067312"><ele>516.519</ele><time>2025-06-28T18:42:02.008Z</time></trkpt><trkpt lat="25.235763" lon="-100.067335"><ele>516.677</ele><time>2025-06-28T18:42:28.008Z</time></trkpt><trkpt lat="25.235750" lon="-100.067388"><ele>516.661</ele><time>2025-06-28T18:42:40.008Z</time></trkpt><trkpt lat="25.235711" lon="-100.067416"><ele>516.382</ele><time>2025-06-28T18:42:52.008Z</time></trkpt><trkpt lat="25.235668" lon="-100.067440"><ele>516.182</ele><time>2025-06-28T18:43:16.008Z</time></trkpt><trkpt lat="25.235644" lon="-100.067484"><ele>515.972</ele><time>2025-06-28T18:43:30.009Z</time></trkpt><trkpt lat="25.235625" lon="-100.067530"><ele>515.285</ele><time>2025-06-28T18:43:41.009Z</time></trkpt><trkpt lat="25.235594" lon="-100.067578"><ele>514.794</ele><time>2025-06-28T18:43:59.009Z</time></trkpt><trkpt lat="25.235564" lon="-100.067616"><ele>514.657</ele><time>2025-06-28T18:44:11.009Z</time></trkpt><trkpt lat="25.235523" lon="-100.067639"><ele>514.622</ele><time>2025-06-28T18:44:22.009Z</time></trkpt><trkpt lat="25.235499" lon="-100.067682"><ele>514.609</ele><time>2025-06-28T18:44:30.009Z</time></trkpt><trkpt lat="25.235489" lon="-100.067732"><ele>514.691</ele><time>2025-06-28T18:44:40.009Z</time></trkpt><trkpt lat="25.235486" lon="-100.067782"><ele>514.795</ele><time>2025-06-28T18:46:13.009Z</time></trkpt><trkpt lat="25.235507" lon="-100.067827"><ele>514.736</ele><time>2025-06-28T18:46:33.009Z</time></trkpt><trkpt lat="25.235512" lon="-100.067885"><ele>514.764</ele><time>2025-06-28T18:46:46.009Z</time></trkpt><trkpt lat="25.235472" lon="-100.067921"><ele>514.718</ele><time>2025-06-28T18:46:58.009Z</time></trkpt><trkpt lat="25.235429" lon="-100.067939"><ele>514.739</ele><time>2025-06-28T18:47:08.009Z</time></trkpt><trkpt lat="25.235385" lon="-100.067964"><ele>514.719</ele><time>2025-06-28T18:47:24.009Z</time></trkpt><trkpt lat="25.235366" lon="-100.068017"><ele>514.769</ele><time>2025-06-28T18:47:35.009Z</time></trkpt><trkpt lat="25.235343" lon="-100.068061"><ele>514.752</ele><time>2025-06-28T18:47:43.009Z</time></trkpt><trkpt lat="25.235321" lon="-100.068105"><ele>514.771</ele><time>2025-06-28T18:47:53.009Z</time></trkpt><trkpt lat="25.235301" lon="-100.068150"><ele>514.841</ele><time>2025-06-28T18:48:00.009Z</time></trkpt><trkpt lat="25.235266" lon="-100.068185"><ele>514.915</ele><time>2025-06-28T18:48:07.009Z</time></trkpt><trkpt lat="25.235235" lon="-100.068226"><ele>514.909</ele><time>2025-06-28T18:48:12.009Z</time></trkpt><trkpt lat="25.235211" lon="-100.068276"><ele>515.039</ele><time>2025-06-28T18:48:18.009Z</time></trkpt><trkpt lat="25.235189" lon="-100.068324"><ele>515.093</ele><time>2025-06-28T18:48:26.009Z</time></trkpt><trkpt lat="25.235182" lon="-100.068376"><ele>515.064</ele><time>2025-06-28T18:48:35.009Z</time></trkpt><trkpt lat="25.235177" lon="-100.068433"><ele>515.012</ele><time>2025-06-28T18:48:44.009Z</time></trkpt><trkpt lat="25.235152" lon="-100.068484"><ele>515.056</ele><time>2025-06-28T18:48:51.009Z</time></trkpt><trkpt lat="25.235129" lon="-100.068538"><ele>515.037</ele><time>2025-06-28T18:48:56.009Z</time></trkpt><trkpt lat="25.235101" lon="-100.068584"><ele>515.077</ele><time>2025-06-28T18:49:03.009Z</time></trkpt><trkpt lat="25.235086" lon="-100.068635"><ele>515.147</ele><time>2025-06-28T18:49:17.009Z</time></trkpt><trkpt lat="25.235058" lon="-100.068676"><ele>515.140</ele><time>2025-06-28T18:49:23.009Z</time></trkpt><trkpt lat="25.235033" lon="-100.068723"><ele>515.188</ele><time>2025-06-28T18:49:32.009Z</time></trkpt><trkpt lat="25.235042" lon="-100.068774"><ele>515.124</ele><time>2025-06-28T18:49:39.009Z</time></trkpt><trkpt lat="25.235050" lon="-100.068825"><ele>514.926</ele><time>2025-06-28T18:49:49.009Z</time></trkpt><trkpt lat="25.235056" lon="-100.068878"><ele>514.709</ele><time>2025-06-28T18:49:57.009Z</time></trkpt><trkpt lat="25.235040" lon="-100.068934"><ele>514.720</ele><time>2025-06-28T18:50:04.009Z</time></trkpt><trkpt lat="25.235028" lon="-100.068989"><ele>514.744</ele><time>2025-06-28T18:50:10.009Z</time></trkpt><trkpt lat="25.235024" lon="-100.069045"><ele>514.825</ele><time>2025-06-28T18:50:16.009Z</time></trkpt><trkpt lat="25.235028" lon="-100.069098"><ele>514.913</ele><time>2025-06-28T18:50:22.009Z</time></trkpt><trkpt lat="25.235027" lon="-100.069149"><ele>515.097</ele><time>2025-06-28T18:50:27.009Z</time></trkpt><trkpt lat="25.235001" lon="-100.069192"><ele>515.048</ele><time>2025-06-28T18:50:33.009Z</time></trkpt><trkpt lat="25.234999" lon="-100.069245"><ele>515.038</ele><time>2025-06-28T18:50:39.009Z</time></trkpt><trkpt lat="25.235033" lon="-100.069291"><ele>515.068</ele><time>2025-06-28T18:50:50.009Z</time></trkpt><trkpt lat="25.235068" lon="-100.069257"><ele>515.031</ele><time>2025-06-28T18:51:01.009Z</time></trkpt><trkpt lat="25.235030" lon="-100.069290"><ele>515.097</ele><time>2025-06-28T18:51:51.009Z</time></trkpt><trkpt lat="25.234995" lon="-100.069331"><ele>515.023</ele><time>2025-06-28T18:51:54.009Z</time></trkpt><trkpt lat="25.234945" lon="-100.069327"><ele>515.225</ele><time>2025-06-28T18:52:05.009Z</time></trkpt><trkpt lat="25.234905" lon="-100.069362"><ele>515.209</ele><time>2025-06-28T18:52:10.009Z</time></trkpt><trkpt lat="25.234869" lon="-100.069394"><ele>515.211</ele><time>2025-06-28T18:52:18.009Z</time></trkpt><trkpt lat="25.234841" lon="-100.069433"><ele>515.275</ele><time>2025-06-28T18:52:28.009Z</time></trkpt><trkpt lat="25.234811" lon="-100.069475"><ele>514.856</ele><time>2025-06-28T18:52:35.009Z</time></trkpt><trkpt lat="25.234797" lon="-100.069526"><ele>514.654</ele><time>2025-06-28T18:52:41.009Z</time></trkpt><trkpt lat="25.234771" lon="-100.069586"><ele>514.648</ele><time>2025-06-28T18:52:47.009Z</time></trkpt><trkpt lat="25.234725" lon="-100.069603"><ele>514.679</ele><time>2025-06-28T18:52:56.009Z</time></trkpt><trkpt lat="25.234683" lon="-100.069636"><ele>514.899</ele><time>2025-06-28T18:53:05.009Z</time></trkpt><trkpt lat="25.234672" lon="-100.069688"><ele>515.019</ele><time>2025-06-28T18:53:22.009Z</time></trkpt><trkpt lat="25.234645" lon="-100.069737"><ele>515.262</ele><time>2025-06-28T18:53:31.009Z</time></trkpt><trkpt lat="25.234591" lon="-100.069746"><ele>515.351</ele><time>2025-06-28T18:53:38.009Z</time></trkpt><trkpt lat="25.234545" lon="-100.069756"><ele>515.401</ele><time>2025-06-28T18:53:50.009Z</time></trkpt><trkpt lat="25.234506" lon="-100.069792"><ele>515.511</ele><time>2025-06-28T18:54:00.009Z</time></trkpt><trkpt lat="25.234469" lon="-100.069822"><ele>515.709</ele><time>2025-06-28T18:54:06.009Z</time></trkpt><trkpt lat="25.234436" lon="-100.069870"><ele>515.977</ele><time>2025-06-28T18:54:15.009Z</time></trkpt><trkpt lat="25.234398" lon="-100.069907"><ele>516.231</ele><time>2025-06-28T18:54:22.009Z</time></trkpt><trkpt lat="25.234367" lon="-100.069945"><ele>516.552</ele><time>2025-06-28T18:54:29.009Z</time></trkpt><trkpt lat="25.234349" lon="-100.069992"><ele>516.680</ele><time>2025-06-28T18:54:38.009Z</time></trkpt><trkpt lat="25.234316" lon="-100.070029"><ele>516.674</ele><time>2025-06-28T18:54:44.009Z</time></trkpt><trkpt lat="25.234282" lon="-100.070062"><ele>516.645</ele><time>2025-06-28T18:54:50.009Z</time></trkpt><trkpt lat="25.234245" lon="-100.070100"><ele>516.685</ele><time>2025-06-28T18:54:59.009Z</time></trkpt><trkpt lat="25.234215" lon="-100.070139"><ele>516.535</ele><time>2025-06-28T18:55:06.009Z</time></trkpt><trkpt lat="25.234175" lon="-100.070169"><ele>516.418</ele><time>2025-06-28T18:55:12.009Z</time></trkpt><trkpt lat="25.234130" lon="-100.070156"><ele>516.278</ele><time>2025-06-28T18:55:17.009Z</time></trkpt><trkpt lat="25.234080" lon="-100.070167"><ele>515.633</ele><time>2025-06-28T18:55:23.009Z</time></trkpt><trkpt lat="25.234035" lon="-100.070189"><ele>514.926</ele><time>2025-06-28T18:55:27.009Z</time></trkpt><trkpt lat="25.233983" lon="-100.070198"><ele>514.509</ele><time>2025-06-28T18:55:33.009Z</time></trkpt><trkpt lat="25.233938" lon="-100.070200"><ele>514.359</ele><time>2025-06-28T18:55:39.009Z</time></trkpt><trkpt lat="25.233883" lon="-100.070236"><ele>514.223</ele><time>2025-06-28T18:55:46.009Z</time></trkpt><trkpt lat="25.233857" lon="-100.070288"><ele>513.894</ele><time>2025-06-28T18:56:16.009Z</time></trkpt><trkpt lat="25.233805" lon="-100.070311"><ele>513.072</ele><time>2025-06-28T18:56:32.009Z</time></trkpt><trkpt lat="25.233780" lon="-100.070268"><ele>512.866</ele><time>2025-06-28T18:56:54.009Z</time></trkpt><trkpt lat="25.233740" lon="-100.070303"><ele>512.687</ele><time>2025-06-28T18:57:13.009Z</time></trkpt><trkpt lat="25.233703" lon="-100.070344"><ele>512.627</ele><time>2025-06-28T18:57:25.009Z</time></trkpt><trkpt lat="25.233666" lon="-100.070381"><ele>512.677</ele><time>2025-06-28T18:57:44.009Z</time></trkpt><trkpt lat="25.233622" lon="-100.070395"><ele>512.640</ele><time>2025-06-28T18:58:12.008Z</time></trkpt><trkpt lat="25.233577" lon="-100.070403"><ele>512.774</ele><time>2025-06-28T18:58:24.008Z</time></trkpt><trkpt lat="25.233519" lon="-100.070395"><ele>512.756</ele><time>2025-06-28T18:58:47.008Z</time></trkpt><trkpt lat="25.233468" lon="-100.070409"><ele>512.721</ele><time>2025-06-28T18:59:00.008Z</time></trkpt><trkpt lat="25.233423" lon="-100.070394"><ele>513.009</ele><time>2025-06-28T18:59:34.008Z</time></trkpt><trkpt lat="25.233378" lon="-100.070374"><ele>513.429</ele><time>2025-06-28T18:59:41.008Z</time></trkpt><trkpt lat="25.233332" lon="-100.070365"><ele>513.553</ele><time>2025-06-28T18:59:49.008Z</time></trkpt><trkpt lat="25.233289" lon="-100.070390"><ele>513.624</ele><time>2025-06-28T18:59:55.008Z</time></trkpt><trkpt lat="25.233244" lon="-100.070382"><ele>513.942</ele><time>2025-06-28T19:00:04.008Z</time></trkpt><trkpt lat="25.233189" lon="-100.070392"><ele>514.546</ele><time>2025-06-28T19:00:13.008Z</time></trkpt><trkpt lat="25.233154" lon="-100.070348"><ele>514.957</ele><time>2025-06-28T19:00:18.008Z</time></trkpt><trkpt lat="25.233132" lon="-100.070295"><ele>514.957</ele><time>2025-06-28T19:00:28.008Z</time></trkpt><trkpt lat="25.233101" lon="-100.070255"><ele>514.957</ele><time>2025-06-28T19:00:39.008Z</time></trkpt><trkpt lat="25.233053" lon="-100.070255"><ele>514.770</ele><time>2025-06-28T19:00:52.008Z</time></trkpt><trkpt lat="25.233008" lon="-100.070223"><ele>514.166</ele><time>2025-06-28T19:00:58.008Z</time></trkpt><trkpt lat="25.232964" lon="-100.070210"><ele>513.529</ele><time>2025-06-28T19:01:03.008Z</time></trkpt><trkpt lat="25.232930" lon="-100.070177"><ele>513.221</ele><time>2025-06-28T19:01:08.008Z</time></trkpt><trkpt lat="25.232889" lon="-100.070147"><ele>513.009</ele><time>2025-06-28T19:01:13.008Z</time></trkpt><trkpt lat="25.232841" lon="-100.070109"><ele>512.878</ele><time>2025-06-28T19:01:21.008Z</time></trkpt><trkpt lat="25.232797" lon="-100.070076"><ele>512.732</ele><time>2025-06-28T19:01:29.008Z</time></trkpt><trkpt lat="25.232744" lon="-100.070072"><ele>512.583</ele><time>2025-06-28T19:01:34.008Z</time></trkpt><trkpt lat="25.232697" lon="-100.070066"><ele>512.211</ele><time>2025-06-28T19:01:40.008Z</time></trkpt><trkpt lat="25.232641" lon="-100.070039"><ele>512.155</ele><time>2025-06-28T19:01:46.008Z</time></trkpt><trkpt lat="25.232596" lon="-100.070030"><ele>512.146</ele><time>2025-06-28T19:01:53.008Z</time></trkpt><trkpt lat="25.232545" lon="-100.070032"><ele>512.156</ele><time>2025-06-28T19:02:00.008Z</time></trkpt><trkpt lat="25.232492" lon="-100.070010"><ele>512.136</ele><time>2025-06-28T19:02:08.008Z</time></trkpt><trkpt lat="25.232448" lon="-100.069996"><ele>512.149</ele><time>2025-06-28T19:02:13.008Z</time></trkpt><trkpt lat="25.232404" lon="-100.069974"><ele>512.173</ele><time>2025-06-28T19:02:23.008Z</time></trkpt><trkpt lat="25.232361" lon="-100.069946"><ele>512.185</ele><time>2025-06-28T19:02:37.008Z</time></trkpt><trkpt lat="25.232314" lon="-100.069929"><ele>512.113</ele><time>2025-06-28T19:02:44.008Z</time></trkpt><trkpt lat="25.232270" lon="-100.069912"><ele>512.009</ele><time>2025-06-28T19:02:55.008Z</time></trkpt><trkpt lat="25.232229" lon="-100.069880"><ele>511.999</ele><time>2025-06-28T19:03:03.008Z</time></trkpt><trkpt lat="25.232192" lon="-100.069839"><ele>511.823</ele><time>2025-06-28T19:03:09.008Z</time></trkpt><trkpt lat="25.232161" lon="-100.069800"><ele>511.534</ele><time>2025-06-28T19:03:15.008Z</time></trkpt><trkpt lat="25.232134" lon="-100.069743"><ele>511.072</ele><time>2025-06-28T19:03:31.008Z</time></trkpt><trkpt lat="25.232086" lon="-100.069755"><ele>510.676</ele><time>2025-06-28T19:03:44.008Z</time></trkpt><trkpt lat="25.232042" lon="-100.069723"><ele>510.597</ele><time>2025-06-28T19:03:49.008Z</time></trkpt><trkpt lat="25.231991" lon="-100.069713"><ele>510.547</ele><time>2025-06-28T19:03:57.008Z</time></trkpt><trkpt lat="25.231952" lon="-100.069687"><ele>510.457</ele><time>2025-06-28T19:04:03.008Z</time></trkpt><trkpt lat="25.231902" lon="-100.069687"><ele>510.440</ele><time>2025-06-28T19:04:10.008Z</time></trkpt><trkpt lat="25.231865" lon="-100.069653"><ele>510.395</ele><time>2025-06-28T19:04:16.008Z</time></trkpt><trkpt lat="25.231816" lon="-100.069636"><ele>510.349</ele><time>2025-06-28T19:04:23.008Z</time></trkpt><trkpt lat="25.231762" lon="-100.069628"><ele>510.323</ele><time>2025-06-28T19:04:32.008Z</time></trkpt><trkpt lat="25.231726" lon="-100.069662"><ele>510.309</ele><time>2025-06-28T19:04:40.008Z</time></trkpt><trkpt lat="25.231677" lon="-100.069653"><ele>510.431</ele><time>2025-06-28T19:04:49.008Z</time></trkpt><trkpt lat="25.231632" lon="-100.069638"><ele>510.885</ele><time>2025-06-28T19:04:59.008Z</time></trkpt><trkpt lat="25.231588" lon="-100.069654"><ele>511.396</ele><time>2025-06-28T19:05:10.008Z</time></trkpt><trkpt lat="25.231543" lon="-100.069664"><ele>511.534</ele><time>2025-06-28T19:05:26.008Z</time></trkpt><trkpt lat="25.231497" lon="-100.069657"><ele>511.698</ele><time>2025-06-28T19:05:32.008Z</time></trkpt><trkpt lat="25.231443" lon="-100.069636"><ele>511.779</ele><time>2025-06-28T19:05:44.008Z</time></trkpt><trkpt lat="25.231403" lon="-100.069660"><ele>511.899</ele><time>2025-06-28T19:05:50.008Z</time></trkpt><trkpt lat="25.231364" lon="-100.069685"><ele>511.839</ele><time>2025-06-28T19:05:58.008Z</time></trkpt><trkpt lat="25.231324" lon="-100.069652"><ele>511.962</ele><time>2025-06-28T19:06:12.008Z</time></trkpt><trkpt lat="25.231276" lon="-100.069653"><ele>511.953</ele><time>2025-06-28T19:06:25.008Z</time></trkpt><trkpt lat="25.231227" lon="-100.069667"><ele>511.904</ele><time>2025-06-28T19:06:36.008Z</time></trkpt><trkpt lat="25.231175" lon="-100.069669"><ele>511.714</ele><time>2025-06-28T19:06:44.008Z</time></trkpt><trkpt lat="25.231130" lon="-100.069685"><ele>511.309</ele><time>2025-06-28T19:06:53.008Z</time></trkpt><trkpt lat="25.231080" lon="-100.069695"><ele>511.287</ele><time>2025-06-28T19:07:18.008Z</time></trkpt><trkpt lat="25.231027" lon="-100.069689"><ele>511.081</ele><time>2025-06-28T19:07:29.008Z</time></trkpt><trkpt lat="25.230989" lon="-100.069725"><ele>510.152</ele><time>2025-06-28T19:07:58.008Z</time></trkpt><trkpt lat="25.230936" lon="-100.069716"><ele>509.210</ele><time>2025-06-28T19:10:41.008Z</time></trkpt><trkpt lat="25.230908" lon="-100.069768"><ele>508.794</ele><time>2025-06-28T19:11:46.008Z</time></trkpt><trkpt lat="25.230936" lon="-100.069727"><ele>508.375</ele><time>2025-06-28T19:12:02.008Z</time></trkpt><trkpt lat="25.230970" lon="-100.069694"><ele>508.365</ele><time>2025-06-28T19:12:24.008Z</time></trkpt><trkpt lat="25.230922" lon="-100.069670"><ele>508.215</ele><time>2025-06-28T19:13:07.007Z</time></trkpt><trkpt lat="25.230960" lon="-100.069705"><ele>508.268</ele><time>2025-06-28T19:14:47.008Z</time></trkpt><trkpt lat="25.231007" lon="-100.069712"><ele>508.482</ele><time>2025-06-28T19:15:52.008Z</time></trkpt><trkpt lat="25.230956" lon="-100.069696"><ele>508.543</ele><time>2025-06-28T19:16:46.009Z</time></trkpt><trkpt lat="25.230913" lon="-100.069725"><ele>508.617</ele><time>2025-06-28T19:19:01.010Z</time></trkpt><trkpt lat="25.230959" lon="-100.069712"><ele>508.709</ele><time>2025-06-28T19:20:26.010Z</time></trkpt><trkpt lat="25.231005" lon="-100.069719"><ele>508.870</ele><time>2025-06-28T19:21:13.010Z</time></trkpt><trkpt lat="25.230984" lon="-100.069769"><ele>508.934</ele><time>2025-06-28T19:23:23.011Z</time></trkpt><trkpt lat="25.230965" lon="-100.069819"><ele>509.475</ele><time>2025-06-28T19:23:32.011Z</time></trkpt><trkpt lat="25.230919" lon="-100.069837"><ele>509.963</ele><time>2025-06-28T19:23:40.011Z</time></trkpt><trkpt lat="25.230874" lon="-100.069856"><ele>509.967</ele><time>2025-06-28T19:23:48.011Z</time></trkpt><trkpt lat="25.230826" lon="-100.069852"><ele>509.998</ele><time>2025-06-28T19:23:57.011Z</time></trkpt><trkpt lat="25.230781" lon="-100.069863"><ele>509.758</ele><time>2025-06-28T19:24:06.011Z</time></trkpt><trkpt lat="25.230737" lon="-100.069876"><ele>509.568</ele><time>2025-06-28T19:24:15.011Z</time></trkpt><trkpt lat="25.230688" lon="-100.069899"><ele>509.461</ele><time>2025-06-28T19:24:23.011Z</time></trkpt><trkpt lat="25.230643" lon="-100.069915"><ele>509.346</ele><time>2025-06-28T19:24:30.011Z</time></trkpt><trkpt lat="25.230599" lon="-100.069927"><ele>509.288</ele><time>2025-06-28T19:24:38.011Z</time></trkpt><trkpt lat="25.230554" lon="-100.069934"><ele>509.116</ele><time>2025-06-28T19:24:49.011Z</time></trkpt><trkpt lat="25.230507" lon="-100.069941"><ele>509.109</ele><time>2025-06-28T19:25:02.011Z</time></trkpt><trkpt lat="25.230462" lon="-100.069954"><ele>509.186</ele><time>2025-06-28T19:25:20.011Z</time></trkpt><trkpt lat="25.230417" lon="-100.069947"><ele>509.150</ele><time>2025-06-28T19:25:32.011Z</time></trkpt><trkpt lat="25.230378" lon="-100.069977"><ele>509.141</ele><time>2025-06-28T19:25:42.011Z</time></trkpt><trkpt lat="25.230349" lon="-100.070022"><ele>509.169</ele><time>2025-06-28T19:25:52.011Z</time></trkpt><trkpt lat="25.230311" lon="-100.070061"><ele>509.153</ele><time>2025-06-28T19:26:06.011Z</time></trkpt><trkpt lat="25.230277" lon="-100.070097"><ele>509.114</ele><time>2025-06-28T19:26:19.011Z</time></trkpt><trkpt lat="25.230233" lon="-100.070118"><ele>509.074</ele><time>2025-06-28T19:26:28.011Z</time></trkpt><trkpt lat="25.230185" lon="-100.070107"><ele>508.814</ele><time>2025-06-28T19:26:36.011Z</time></trkpt><trkpt lat="25.230139" lon="-100.070105"><ele>508.887</ele><time>2025-06-28T19:27:11.011Z</time></trkpt><trkpt lat="25.230059" lon="-100.070107"><ele>508.831</ele><time>2025-06-28T19:27:19.011Z</time></trkpt><trkpt lat="25.230074" lon="-100.070158"><ele>510.161</ele><time>2025-06-28T19:27:25.011Z</time></trkpt><trkpt lat="25.230016" lon="-100.070158"><ele>510.107</ele><time>2025-06-28T19:27:39.011Z</time></trkpt><trkpt lat="25.229980" lon="-100.070193"><ele>510.109</ele><time>2025-06-28T19:27:53.011Z</time></trkpt><trkpt lat="25.229945" lon="-100.070236"><ele>510.025</ele><time>2025-06-28T19:28:06.011Z</time></trkpt><trkpt lat="25.229924" lon="-100.070284"><ele>509.819</ele><time>2025-06-28T19:28:19.011Z</time></trkpt><trkpt lat="25.229877" lon="-100.070286"><ele>509.650</ele><time>2025-06-28T19:28:37.011Z</time></trkpt><trkpt lat="25.229836" lon="-100.070312"><ele>509.438</ele><time>2025-06-28T19:28:42.011Z</time></trkpt><trkpt lat="25.229794" lon="-100.070334"><ele>509.122</ele><time>2025-06-28T19:28:47.011Z</time></trkpt><trkpt lat="25.229757" lon="-100.070372"><ele>508.873</ele><time>2025-06-28T19:28:55.011Z</time></trkpt><trkpt lat="25.229717" lon="-100.070398"><ele>508.683</ele><time>2025-06-28T19:29:01.011Z</time></trkpt><trkpt lat="25.229679" lon="-100.070428"><ele>508.413</ele><time>2025-06-28T19:29:08.011Z</time></trkpt><trkpt lat="25.229643" lon="-100.070460"><ele>508.156</ele><time>2025-06-28T19:29:15.011Z</time></trkpt><trkpt lat="25.229607" lon="-100.070494"><ele>508.065</ele><time>2025-06-28T19:29:20.011Z</time></trkpt><trkpt lat="25.229565" lon="-100.070512"><ele>508.068</ele><time>2025-06-28T19:29:28.011Z</time></trkpt><trkpt lat="25.229517" lon="-100.070525"><ele>508.014</ele><time>2025-06-28T19:29:34.011Z</time></trkpt><trkpt lat="25.229476" lon="-100.070550"><ele>508.009</ele><time>2025-06-28T19:29:42.011Z</time></trkpt><trkpt lat="25.229422" lon="-100.070560"><ele>508.068</ele><time>2025-06-28T19:29:53.011Z</time></trkpt><trkpt lat="25.229377" lon="-100.070555"><ele>508.072</ele><time>2025-06-28T19:30:02.011Z</time></trkpt><trkpt lat="25.229335" lon="-100.070583"><ele>508.313</ele><time>2025-06-28T19:30:12.011Z</time></trkpt><trkpt lat="25.229310" lon="-100.070632"><ele>508.561</ele><time>2025-06-28T19:30:21.011Z</time></trkpt><trkpt lat="25.229270" lon="-100.070659"><ele>508.695</ele><time>2025-06-28T19:30:27.011Z</time></trkpt><trkpt lat="25.229229" lon="-100.070685"><ele>508.666</ele><time>2025-06-28T19:30:34.011Z</time></trkpt><trkpt lat="25.229186" lon="-100.070706"><ele>508.676</ele><time>2025-06-28T19:30:42.011Z</time></trkpt><trkpt lat="25.229142" lon="-100.070727"><ele>508.656</ele><time>2025-06-28T19:30:51.011Z</time></trkpt><trkpt lat="25.229097" lon="-100.070755"><ele>508.689</ele><time>2025-06-28T19:30:59.011Z</time></trkpt><trkpt lat="25.229103" lon="-100.070815"><ele>508.614</ele><time>2025-06-28T19:31:08.011Z</time></trkpt><trkpt lat="25.229067" lon="-100.070871"><ele>508.654</ele><time>2025-06-28T19:31:18.011Z</time></trkpt><trkpt lat="25.229025" lon="-100.070896"><ele>508.609</ele><time>2025-06-28T19:31:26.011Z</time></trkpt><trkpt lat="25.228973" lon="-100.070912"><ele>508.509</ele><time>2025-06-28T19:31:43.011Z</time></trkpt><trkpt lat="25.228949" lon="-100.070960"><ele>508.533</ele><time>2025-06-28T19:31:59.011Z</time></trkpt><trkpt lat="25.228911" lon="-100.070998"><ele>508.457</ele><time>2025-06-28T19:32:15.011Z</time></trkpt><trkpt lat="25.228875" lon="-100.071033"><ele>508.418</ele><time>2025-06-28T19:32:22.011Z</time></trkpt><trkpt lat="25.228863" lon="-100.071085"><ele>508.486</ele><time>2025-06-28T19:32:46.011Z</time></trkpt><trkpt lat="25.228852" lon="-100.071137"><ele>508.390</ele><time>2025-06-28T19:32:56.011Z</time></trkpt><trkpt lat="25.228824" lon="-100.071187"><ele>508.211</ele><time>2025-06-28T19:33:06.011Z</time></trkpt><trkpt lat="25.228852" lon="-100.071227"><ele>508.161</ele><time>2025-06-28T19:33:16.011Z</time></trkpt><trkpt lat="25.228896" lon="-100.071213"><ele>507.821</ele><time>2025-06-28T19:33:46.011Z</time></trkpt><trkpt lat="25.228940" lon="-100.071223"><ele>507.634</ele><time>2025-06-28T19:34:02.011Z</time></trkpt><trkpt lat="25.228990" lon="-100.071241"><ele>507.573</ele><time>2025-06-28T19:34:18.011Z</time></trkpt><trkpt lat="25.229026" lon="-100.071272"><ele>507.585</ele><time>2025-06-28T19:34:30.011Z</time></trkpt><trkpt lat="25.229019" lon="-100.071323"><ele>507.513</ele><time>2025-06-28T19:34:40.011Z</time></trkpt><trkpt lat="25.229031" lon="-100.071372"><ele>507.509</ele><time>2025-06-28T19:34:46.011Z</time></trkpt><trkpt lat="25.229012" lon="-100.071425"><ele>507.689</ele><time>2025-06-28T19:34:57.011Z</time></trkpt><trkpt lat="25.228973" lon="-100.071453"><ele>507.763</ele><time>2025-06-28T19:35:03.011Z</time></trkpt><trkpt lat="25.228965" lon="-100.071512"><ele>507.874</ele><time>2025-06-28T19:35:12.011Z</time></trkpt><trkpt lat="25.228952" lon="-100.071569"><ele>507.982</ele><time>2025-06-28T19:35:24.011Z</time></trkpt><trkpt lat="25.228931" lon="-100.071615"><ele>508.046</ele><time>2025-06-28T19:35:29.011Z</time></trkpt><trkpt lat="25.228964" lon="-100.071650"><ele>508.147</ele><time>2025-06-28T19:35:35.011Z</time></trkpt><trkpt lat="25.228953" lon="-100.071700"><ele>508.137</ele><time>2025-06-28T19:35:42.011Z</time></trkpt><trkpt lat="25.228946" lon="-100.071749"><ele>508.197</ele><time>2025-06-28T19:35:49.011Z</time></trkpt><trkpt lat="25.228919" lon="-100.071792"><ele>508.120</ele><time>2025-06-28T19:35:55.011Z</time></trkpt><trkpt lat="25.228955" lon="-100.071825"><ele>508.017</ele><time>2025-06-28T19:36:00.011Z</time></trkpt><trkpt lat="25.228949" lon="-100.071896"><ele>508.087</ele><time>2025-06-28T19:36:06.011Z</time></trkpt><trkpt lat="25.228947" lon="-100.071946"><ele>507.915</ele><time>2025-06-28T19:36:13.011Z</time></trkpt><trkpt lat="25.228916" lon="-100.071982"><ele>507.909</ele><time>2025-06-28T19:36:18.011Z</time></trkpt><trkpt lat="25.228948" lon="-100.072022"><ele>507.993</ele><time>2025-06-28T19:36:27.011Z</time></trkpt><trkpt lat="25.228939" lon="-100.072078"><ele>507.927</ele><time>2025-06-28T19:36:38.011Z</time></trkpt><trkpt lat="25.228949" lon="-100.072137"><ele>507.988</ele><time>2025-06-28T19:36:47.011Z</time></trkpt><trkpt lat="25.228968" lon="-100.072193"><ele>507.856</ele><time>2025-06-28T19:36:54.011Z</time></trkpt><trkpt lat="25.229004" lon="-100.072225"><ele>507.230</ele><time>2025-06-28T19:37:00.011Z</time></trkpt><trkpt lat="25.229011" lon="-100.072295"><ele>506.241</ele><time>2025-06-28T19:37:07.011Z</time></trkpt><trkpt lat="25.229010" lon="-100.072347"><ele>506.161</ele><time>2025-06-28T19:37:09.011Z</time></trkpt><trkpt lat="25.229025" lon="-100.072397"><ele>505.971</ele><time>2025-06-28T19:37:24.011Z</time></trkpt><trkpt lat="25.229048" lon="-100.072446"><ele>505.914</ele><time>2025-06-28T19:37:31.011Z</time></trkpt><trkpt lat="25.229066" lon="-100.072503"><ele>505.845</ele><time>2025-06-28T19:37:36.011Z</time></trkpt><trkpt lat="25.229112" lon="-100.072515"><ele>505.847</ele><time>2025-06-28T19:37:45.011Z</time></trkpt><trkpt lat="25.229157" lon="-100.072528"><ele>505.811</ele><time>2025-06-28T19:37:51.011Z</time></trkpt><trkpt lat="25.229212" lon="-100.072555"><ele>505.809</ele><time>2025-06-28T19:38:00.011Z</time></trkpt><trkpt lat="25.229258" lon="-100.072595"><ele>505.976</ele><time>2025-06-28T19:38:09.011Z</time></trkpt><trkpt lat="25.229316" lon="-100.072575"><ele>506.060</ele><time>2025-06-28T19:38:14.011Z</time></trkpt><trkpt lat="25.229370" lon="-100.072547"><ele>506.481</ele><time>2025-06-28T19:38:19.011Z</time></trkpt><trkpt lat="25.229418" lon="-100.072523"><ele>506.449</ele><time>2025-06-28T19:38:38.011Z</time></trkpt><trkpt lat="25.229453" lon="-100.072566"><ele>506.443</ele><time>2025-06-28T19:38:45.011Z</time></trkpt><trkpt lat="25.229488" lon="-100.072603"><ele>506.464</ele><time>2025-06-28T19:38:51.011Z</time></trkpt><trkpt lat="25.229488" lon="-100.072659"><ele>506.424</ele><time>2025-06-28T19:38:57.011Z</time></trkpt><trkpt lat="25.229489" lon="-100.072723"><ele>506.434</ele><time>2025-06-28T19:39:05.011Z</time></trkpt><trkpt lat="25.229535" lon="-100.072739"><ele>506.357</ele><time>2025-06-28T19:39:17.011Z</time></trkpt><trkpt lat="25.229577" lon="-100.072763"><ele>506.376</ele><time>2025-06-28T19:39:22.011Z</time></trkpt><trkpt lat="25.229628" lon="-100.072753"><ele>506.190</ele><time>2025-06-28T19:39:30.011Z</time></trkpt><trkpt lat="25.229672" lon="-100.072780"><ele>505.919</ele><time>2025-06-28T19:39:38.011Z</time></trkpt><trkpt lat="25.229709" lon="-100.072811"><ele>505.809</ele><time>2025-06-28T19:39:43.011Z</time></trkpt><trkpt lat="25.229747" lon="-100.072844"><ele>505.769</ele><time>2025-06-28T19:39:49.011Z</time></trkpt><trkpt lat="25.229790" lon="-100.072881"><ele>505.793</ele><time>2025-06-28T19:39:56.011Z</time></trkpt><trkpt lat="25.229815" lon="-100.072925"><ele>505.734</ele><time>2025-06-28T19:40:04.011Z</time></trkpt><trkpt lat="25.229848" lon="-100.072891"><ele>505.782</ele><time>2025-06-28T19:40:15.011Z</time></trkpt><trkpt lat="25.229840" lon="-100.072948"><ele>505.826</ele><time>2025-06-28T19:40:21.011Z</time></trkpt><trkpt lat="25.229858" lon="-100.072994"><ele>506.097</ele><time>2025-06-28T19:40:28.011Z</time></trkpt><trkpt lat="25.229904" lon="-100.073008"><ele>506.157</ele><time>2025-06-28T19:41:32.011Z</time></trkpt><trkpt lat="25.229886" lon="-100.073066"><ele>506.297</ele><time>2025-06-28T19:42:02.011Z</time></trkpt><trkpt lat="25.229907" lon="-100.073141"><ele>506.370</ele><time>2025-06-28T19:42:08.011Z</time></trkpt><trkpt lat="25.229894" lon="-100.073190"><ele>506.244</ele><time>2025-06-28T19:42:27.011Z</time></trkpt><trkpt lat="25.229872" lon="-100.073244"><ele>506.105</ele><time>2025-06-28T19:42:35.011Z</time></trkpt><trkpt lat="25.229864" lon="-100.073304"><ele>505.715</ele><time>2025-06-28T19:42:42.011Z</time></trkpt><trkpt lat="25.229852" lon="-100.073360"><ele>505.709</ele><time>2025-06-28T19:42:49.011Z</time></trkpt><trkpt lat="25.229830" lon="-100.073408"><ele>505.846</ele><time>2025-06-28T19:42:56.011Z</time></trkpt><trkpt lat="25.229813" lon="-100.073458"><ele>505.860</ele><time>2025-06-28T19:43:04.011Z</time></trkpt><trkpt lat="25.229788" lon="-100.073501"><ele>506.111</ele><time>2025-06-28T19:43:10.011Z</time></trkpt><trkpt lat="25.229769" lon="-100.073552"><ele>506.579</ele><time>2025-06-28T19:43:18.011Z</time></trkpt><trkpt lat="25.229729" lon="-100.073575"><ele>506.883</ele><time>2025-06-28T19:43:25.011Z</time></trkpt><trkpt lat="25.229678" lon="-100.073593"><ele>507.084</ele><time>2025-06-28T19:43:31.011Z</time></trkpt><trkpt lat="25.229627" lon="-100.073568"><ele>507.194</ele><time>2025-06-28T19:43:37.011Z</time></trkpt><trkpt lat="25.229580" lon="-100.073552"><ele>507.314</ele><time>2025-06-28T19:43:43.011Z</time></trkpt><trkpt lat="25.229530" lon="-100.073544"><ele>507.537</ele><time>2025-06-28T19:43:49.011Z</time></trkpt><trkpt lat="25.229484" lon="-100.073535"><ele>507.591</ele><time>2025-06-28T19:43:57.011Z</time></trkpt><trkpt lat="25.229443" lon="-100.073507"><ele>507.581</ele><time>2025-06-28T19:44:06.011Z</time></trkpt><trkpt lat="25.229395" lon="-100.073519"><ele>507.419</ele><time>2025-06-28T19:44:33.011Z</time></trkpt><trkpt lat="25.229350" lon="-100.073540"><ele>507.209</ele><time>2025-06-28T19:44:51.011Z</time></trkpt><trkpt lat="25.229303" lon="-100.073522"><ele>507.061</ele><time>2025-06-28T19:45:00.011Z</time></trkpt><trkpt lat="25.229260" lon="-100.073500"><ele>506.985</ele><time>2025-06-28T19:45:14.011Z</time></trkpt><trkpt lat="25.229213" lon="-100.073502"><ele>506.816</ele><time>2025-06-28T19:45:25.011Z</time></trkpt><trkpt lat="25.229163" lon="-100.073507"><ele>506.524</ele><time>2025-06-28T19:45:44.011Z</time></trkpt><trkpt lat="25.229128" lon="-100.073473"><ele>506.248</ele><time>2025-06-28T19:45:50.011Z</time></trkpt><trkpt lat="25.229083" lon="-100.073457"><ele>506.139</ele><time>2025-06-28T19:45:57.011Z</time></trkpt><trkpt lat="25.229034" lon="-100.073443"><ele>506.049</ele><time>2025-06-28T19:46:05.011Z</time></trkpt><trkpt lat="25.228992" lon="-100.073421"><ele>505.939</ele><time>2025-06-28T19:46:17.011Z</time></trkpt><trkpt lat="25.228951" lon="-100.073401"><ele>505.892</ele><time>2025-06-28T19:46:33.011Z</time></trkpt><trkpt lat="25.228899" lon="-100.073414"><ele>505.734</ele><time>2025-06-28T19:47:02.011Z</time></trkpt><trkpt lat="25.228844" lon="-100.073383"><ele>505.655</ele><time>2025-06-28T19:47:16.011Z</time></trkpt><trkpt lat="25.228794" lon="-100.073384"><ele>505.410</ele><time>2025-06-28T19:47:30.011Z</time></trkpt><trkpt lat="25.228747" lon="-100.073391"><ele>505.109</ele><time>2025-06-28T19:47:36.011Z</time></trkpt><trkpt lat="25.228707" lon="-100.073357"><ele>504.955</ele><time>2025-06-28T19:47:55.011Z</time></trkpt><trkpt lat="25.228659" lon="-100.073354"><ele>504.889</ele><time>2025-06-28T19:48:10.011Z</time></trkpt><trkpt lat="25.228652" lon="-100.073305"><ele>504.630</ele><time>2025-06-28T19:48:24.011Z</time></trkpt><trkpt lat="25.228614" lon="-100.073275"><ele>504.628</ele><time>2025-06-28T19:48:33.012Z</time></trkpt><trkpt lat="25.228567" lon="-100.073287"><ele>504.672</ele><time>2025-06-28T19:48:42.012Z</time></trkpt><trkpt lat="25.228523" lon="-100.073272"><ele>504.513</ele><time>2025-06-28T19:48:54.012Z</time></trkpt><trkpt lat="25.228472" lon="-100.073257"><ele>504.773</ele><time>2025-06-28T19:48:57.012Z</time></trkpt><trkpt lat="25.228427" lon="-100.073227"><ele>504.973</ele><time>2025-06-28T19:49:04.012Z</time></trkpt><trkpt lat="25.228382" lon="-100.073214"><ele>505.026</ele><time>2025-06-28T19:49:18.012Z</time></trkpt><trkpt lat="25.228335" lon="-100.073201"><ele>504.954</ele><time>2025-06-28T19:49:45.012Z</time></trkpt><trkpt lat="25.228290" lon="-100.073211"><ele>504.856</ele><time>2025-06-28T19:50:03.012Z</time></trkpt><trkpt lat="25.228256" lon="-100.073176"><ele>504.711</ele><time>2025-06-28T19:50:11.012Z</time></trkpt><trkpt lat="25.228232" lon="-100.073126"><ele>504.709</ele><time>2025-06-28T19:50:23.012Z</time></trkpt><trkpt lat="25.228185" lon="-100.073155"><ele>504.777</ele><time>2025-06-28T19:50:55.012Z</time></trkpt><trkpt lat="25.228158" lon="-100.073105"><ele>505.091</ele><time>2025-06-28T19:51:12.012Z</time></trkpt><trkpt lat="25.228112" lon="-100.073086"><ele>505.642</ele><time>2025-06-28T19:51:20.012Z</time></trkpt><trkpt lat="25.228068" lon="-100.073077"><ele>505.850</ele><time>2025-06-28T19:51:56.012Z</time></trkpt><trkpt lat="25.228022" lon="-100.073093"><ele>505.974</ele><time>2025-06-28T19:52:17.012Z</time></trkpt><trkpt lat="25.227998" lon="-100.073051"><ele>506.015</ele><time>2025-06-28T19:52:27.012Z</time></trkpt><trkpt lat="25.227975" lon="-100.073006"><ele>506.235</ele><time>2025-06-28T19:52:36.012Z</time></trkpt><trkpt lat="25.227933" lon="-100.072980"><ele>506.485</ele><time>2025-06-28T19:52:40.012Z</time></trkpt><trkpt lat="25.227886" lon="-100.072982"><ele>506.438</ele><time>2025-06-28T19:52:55.013Z</time></trkpt><trkpt lat="25.227833" lon="-100.072982"><ele>506.423</ele><time>2025-06-28T19:53:06.013Z</time></trkpt><trkpt lat="25.227783" lon="-100.072998"><ele>506.483</ele><time>2025-06-28T19:53:15.013Z</time></trkpt><trkpt lat="25.227732" lon="-100.072983"><ele>505.911</ele><time>2025-06-28T19:53:25.013Z</time></trkpt><trkpt lat="25.227687" lon="-100.072965"><ele>505.309</ele><time>2025-06-28T19:54:19.013Z</time></trkpt><trkpt lat="25.227646" lon="-100.072927"><ele>504.824</ele><time>2025-06-28T19:55:01.013Z</time></trkpt><trkpt lat="25.227637" lon="-100.072871"><ele>504.578</ele><time>2025-06-28T19:55:17.013Z</time></trkpt><trkpt lat="25.227586" lon="-100.072858"><ele>504.589</ele><time>2025-06-28T19:55:41.013Z</time></trkpt><trkpt lat="25.227539" lon="-100.072843"><ele>504.597</ele><time>2025-06-28T19:55:49.013Z</time></trkpt><trkpt lat="25.227485" lon="-100.072825"><ele>504.811</ele><time>2025-06-28T19:56:00.013Z</time></trkpt><trkpt lat="25.227444" lon="-100.072790"><ele>505.262</ele><time>2025-06-28T19:56:09.013Z</time></trkpt><trkpt lat="25.227406" lon="-100.072763"><ele>505.342</ele><time>2025-06-28T19:56:23.013Z</time></trkpt><trkpt lat="25.227352" lon="-100.072784"><ele>505.372</ele><time>2025-06-28T19:56:58.013Z</time></trkpt><trkpt lat="25.227327" lon="-100.072738"><ele>505.325</ele><time>2025-06-28T19:57:06.013Z</time></trkpt><trkpt lat="25.227280" lon="-100.072728"><ele>505.268</ele><time>2025-06-28T19:57:13.013Z</time></trkpt><trkpt lat="25.227232" lon="-100.072693"><ele>504.942</ele><time>2025-06-28T19:57:26.013Z</time></trkpt><trkpt lat="25.227189" lon="-100.072667"><ele>504.726</ele><time>2025-06-28T19:57:39.013Z</time></trkpt><trkpt lat="25.227143" lon="-100.072646"><ele>504.309</ele><time>2025-06-28T19:57:51.013Z</time></trkpt><trkpt lat="25.227120" lon="-100.072601"><ele>503.988</ele><time>2025-06-28T19:57:57.013Z</time></trkpt><trkpt lat="25.227078" lon="-100.072580"><ele>503.782</ele><time>2025-06-28T19:58:02.013Z</time></trkpt><trkpt lat="25.227045" lon="-100.072537"><ele>503.613</ele><time>2025-06-28T19:58:09.013Z</time></trkpt><trkpt lat="25.227014" lon="-100.072486"><ele>503.651</ele><time>2025-06-28T19:58:41.013Z</time></trkpt><trkpt lat="25.226979" lon="-100.072440"><ele>503.635</ele><time>2025-06-28T19:58:48.013Z</time></trkpt><trkpt lat="25.226958" lon="-100.072395"><ele>504.186</ele><time>2025-06-28T19:58:56.013Z</time></trkpt><trkpt lat="25.226909" lon="-100.072351"><ele>505.176</ele><time>2025-06-28T19:59:03.014Z</time></trkpt><trkpt lat="25.226873" lon="-100.072309"><ele>505.776</ele><time>2025-06-28T19:59:09.014Z</time></trkpt><trkpt lat="25.226828" lon="-100.072295"><ele>506.059</ele><time>2025-06-28T19:59:14.014Z</time></trkpt><trkpt lat="25.226789" lon="-100.072269"><ele>506.247</ele><time>2025-06-28T19:59:21.014Z</time></trkpt><trkpt lat="25.226753" lon="-100.072233"><ele>506.229</ele><time>2025-06-28T19:59:28.014Z</time></trkpt><trkpt lat="25.226718" lon="-100.072201"><ele>506.221</ele><time>2025-06-28T19:59:38.014Z</time></trkpt><trkpt lat="25.226673" lon="-100.072187"><ele>506.109</ele><time>2025-06-28T19:59:44.014Z</time></trkpt><trkpt lat="25.226683" lon="-100.072138"><ele>505.976</ele><time>2025-06-28T19:59:50.014Z</time></trkpt><trkpt lat="25.226640" lon="-100.072118"><ele>505.860</ele><time>2025-06-28T20:00:02.014Z</time></trkpt><trkpt lat="25.226598" lon="-100.072095"><ele>505.851</ele><time>2025-06-28T20:00:09.014Z</time></trkpt><trkpt lat="25.226564" lon="-100.072054"><ele>505.879</ele><time>2025-06-28T20:00:13.014Z</time></trkpt><trkpt lat="25.226532" lon="-100.072019"><ele>505.893</ele><time>2025-06-28T20:00:22.014Z</time></trkpt><trkpt lat="25.226499" lon="-100.071983"><ele>505.894</ele><time>2025-06-28T20:00:30.014Z</time></trkpt><trkpt lat="25.226470" lon="-100.071941"><ele>505.834</ele><time>2025-06-28T20:00:39.014Z</time></trkpt><trkpt lat="25.226438" lon="-100.071902"><ele>505.844</ele><time>2025-06-28T20:00:44.014Z</time></trkpt><trkpt lat="25.226408" lon="-100.071855"><ele>505.957</ele><time>2025-06-28T20:00:51.014Z</time></trkpt><trkpt lat="25.226363" lon="-100.071821"><ele>505.914</ele><time>2025-06-28T20:00:58.014Z</time></trkpt><trkpt lat="25.226318" lon="-100.071793"><ele>505.954</ele><time>2025-06-28T20:01:05.014Z</time></trkpt><trkpt lat="25.226261" lon="-100.071801"><ele>505.909</ele><time>2025-06-28T20:01:14.015Z</time></trkpt><trkpt lat="25.226229" lon="-100.071748"><ele>505.809</ele><time>2025-06-28T20:01:24.015Z</time></trkpt><trkpt lat="25.226186" lon="-100.071711"><ele>505.463</ele><time>2025-06-28T20:01:30.015Z</time></trkpt><trkpt lat="25.226139" lon="-100.071690"><ele>505.247</ele><time>2025-06-28T20:01:36.015Z</time></trkpt><trkpt lat="25.226103" lon="-100.071660"><ele>505.048</ele><time>2025-06-28T20:01:42.015Z</time></trkpt><trkpt lat="25.226058" lon="-100.071624"><ele>504.576</ele><time>2025-06-28T20:01:53.015Z</time></trkpt><trkpt lat="25.226054" lon="-100.071574"><ele>503.890</ele><time>2025-06-28T20:02:17.015Z</time></trkpt><trkpt lat="25.226068" lon="-100.071623"><ele>503.341</ele><time>2025-06-28T20:02:34.015Z</time></trkpt><trkpt lat="25.226054" lon="-100.071570"><ele>503.361</ele><time>2025-06-28T20:05:40.015Z</time></trkpt><trkpt lat="25.226010" lon="-100.071545"><ele>503.321</ele><time>2025-06-28T20:05:46.015Z</time></trkpt><trkpt lat="25.225975" lon="-100.071497"><ele>503.314</ele><time>2025-06-28T20:05:54.015Z</time></trkpt><trkpt lat="25.225929" lon="-100.071485"><ele>503.317</ele><time>2025-06-28T20:06:23.015Z</time></trkpt><trkpt lat="25.225893" lon="-100.071442"><ele>503.387</ele><time>2025-06-28T20:06:33.015Z</time></trkpt><trkpt lat="25.225880" lon="-100.071394"><ele>503.315</ele><time>2025-06-28T20:06:38.015Z</time></trkpt><trkpt lat="25.225849" lon="-100.071355"><ele>503.009</ele><time>2025-06-28T20:06:44.015Z</time></trkpt><trkpt lat="25.225816" lon="-100.071319"><ele>502.613</ele><time>2025-06-28T20:06:49.015Z</time></trkpt><trkpt lat="25.225782" lon="-100.071282"><ele>502.417</ele><time>2025-06-28T20:06:54.015Z</time></trkpt><trkpt lat="25.225772" lon="-100.071227"><ele>502.468</ele><time>2025-06-28T20:07:00.015Z</time></trkpt><trkpt lat="25.225761" lon="-100.071173"><ele>502.486</ele><time>2025-06-28T20:07:07.015Z</time></trkpt><trkpt lat="25.225715" lon="-100.071170"><ele>502.440</ele><time>2025-06-28T20:07:10.015Z</time></trkpt><trkpt lat="25.225695" lon="-100.071113"><ele>502.791</ele><time>2025-06-28T20:07:20.015Z</time></trkpt><trkpt lat="25.225731" lon="-100.071078"><ele>502.971</ele><time>2025-06-28T20:07:31.015Z</time></trkpt><trkpt lat="25.225686" lon="-100.071060"><ele>503.181</ele><time>2025-06-28T20:07:34.015Z</time></trkpt><trkpt lat="25.225637" lon="-100.071029"><ele>503.264</ele><time>2025-06-28T20:07:41.015Z</time></trkpt><trkpt lat="25.225591" lon="-100.071003"><ele>503.273</ele><time>2025-06-28T20:07:51.015Z</time></trkpt><trkpt lat="25.225551" lon="-100.070980"><ele>503.285</ele><time>2025-06-28T20:07:55.015Z</time></trkpt><trkpt lat="25.225536" lon="-100.070932"><ele>502.913</ele><time>2025-06-28T20:07:59.015Z</time></trkpt><trkpt lat="25.225522" lon="-100.070879"><ele>502.409</ele><time>2025-06-28T20:08:04.015Z</time></trkpt><trkpt lat="25.225522" lon="-100.070824"><ele>502.269</ele><time>2025-06-28T20:08:10.015Z</time></trkpt><trkpt lat="25.225479" lon="-100.070783"><ele>502.213</ele><time>2025-06-28T20:08:24.015Z</time></trkpt><trkpt lat="25.225463" lon="-100.070736"><ele>502.264</ele><time>2025-06-28T20:08:30.015Z</time></trkpt><trkpt lat="25.225464" lon="-100.070684"><ele>502.332</ele><time>2025-06-28T20:08:36.015Z</time></trkpt><trkpt lat="25.225460" lon="-100.070633"><ele>502.486</ele><time>2025-06-28T20:08:45.015Z</time></trkpt><trkpt lat="25.225440" lon="-100.070580"><ele>502.437</ele><time>2025-06-28T20:08:48.015Z</time></trkpt><trkpt lat="25.225415" lon="-100.070526"><ele>502.427</ele><time>2025-06-28T20:08:56.015Z</time></trkpt><trkpt lat="25.225398" lon="-100.070477"><ele>502.477</ele><time>2025-06-28T20:09:02.015Z</time></trkpt><trkpt lat="25.225372" lon="-100.070434"><ele>502.440</ele><time>2025-06-28T20:09:07.015Z</time></trkpt><trkpt lat="25.225406" lon="-100.070395"><ele>502.365</ele><time>2025-06-28T20:09:17.015Z</time></trkpt><trkpt lat="25.225406" lon="-100.070344"><ele>502.268</ele><time>2025-06-28T20:09:24.015Z</time></trkpt><trkpt lat="25.225397" lon="-100.070293"><ele>502.114</ele><time>2025-06-28T20:09:32.015Z</time></trkpt><trkpt lat="25.225418" lon="-100.070249"><ele>502.009</ele><time>2025-06-28T20:09:43.015Z</time></trkpt><trkpt lat="25.225434" lon="-100.070202"><ele>502.078</ele><time>2025-06-28T20:09:50.015Z</time></trkpt><trkpt lat="25.225438" lon="-100.070150"><ele>502.062</ele><time>2025-06-28T20:09:58.015Z</time></trkpt><trkpt lat="25.225422" lon="-100.070103"><ele>502.163</ele><time>2025-06-28T20:10:03.015Z</time></trkpt><trkpt lat="25.225419" lon="-100.070052"><ele>502.161</ele><time>2025-06-28T20:10:13.015Z</time></trkpt><trkpt lat="25.225451" lon="-100.070009"><ele>502.195</ele><time>2025-06-28T20:10:46.015Z</time></trkpt><trkpt lat="25.225495" lon="-100.069974"><ele>502.146</ele><time>2025-06-28T20:10:52.015Z</time></trkpt><trkpt lat="25.225528" lon="-100.069937"><ele>502.096</ele><time>2025-06-28T20:10:58.015Z</time></trkpt><trkpt lat="25.225572" lon="-100.069901"><ele>501.916</ele><time>2025-06-28T20:11:04.015Z</time></trkpt><trkpt lat="25.225620" lon="-100.069896"><ele>501.929</ele><time>2025-06-28T20:11:10.015Z</time></trkpt><trkpt lat="25.225670" lon="-100.069868"><ele>501.992</ele><time>2025-06-28T20:11:19.015Z</time></trkpt><trkpt lat="25.225713" lon="-100.069841"><ele>501.973</ele><time>2025-06-28T20:11:25.015Z</time></trkpt><trkpt lat="25.225754" lon="-100.069816"><ele>501.820</ele><time>2025-06-28T20:11:31.015Z</time></trkpt><trkpt lat="25.225788" lon="-100.069772"><ele>501.609</ele><time>2025-06-28T20:11:41.015Z</time></trkpt><trkpt lat="25.225825" lon="-100.069737"><ele>501.511</ele><time>2025-06-28T20:11:48.015Z</time></trkpt><trkpt lat="25.225860" lon="-100.069704"><ele>501.435</ele><time>2025-06-28T20:11:54.015Z</time></trkpt><trkpt lat="25.225895" lon="-100.069672"><ele>501.276</ele><time>2025-06-28T20:11:59.015Z</time></trkpt><trkpt lat="25.225912" lon="-100.069625"><ele>501.034</ele><time>2025-06-28T20:12:08.015Z</time></trkpt><trkpt lat="25.225941" lon="-100.069579"><ele>501.098</ele><time>2025-06-28T20:12:14.015Z</time></trkpt><trkpt lat="25.225993" lon="-100.069566"><ele>501.019</ele><time>2025-06-28T20:12:20.015Z</time></trkpt><trkpt lat="25.226036" lon="-100.069544"><ele>501.099</ele><time>2025-06-28T20:12:27.015Z</time></trkpt><trkpt lat="25.226065" lon="-100.069499"><ele>500.979</ele><time>2025-06-28T20:12:33.015Z</time></trkpt><trkpt lat="25.226104" lon="-100.069464"><ele>500.862</ele><time>2025-06-28T20:12:41.015Z</time></trkpt><trkpt lat="25.226089" lon="-100.069412"><ele>500.525</ele><time>2025-06-28T20:12:50.015Z</time></trkpt><trkpt lat="25.226110" lon="-100.069363"><ele>500.226</ele><time>2025-06-28T20:13:03.015Z</time></trkpt><trkpt lat="25.226104" lon="-100.069313"><ele>499.808</ele><time>2025-06-28T20:13:17.015Z</time></trkpt><trkpt lat="25.226146" lon="-100.069282"><ele>499.309</ele><time>2025-06-28T20:13:25.015Z</time></trkpt><trkpt lat="25.226185" lon="-100.069252"><ele>499.174</ele><time>2025-06-28T20:13:34.015Z</time></trkpt><trkpt lat="25.226209" lon="-100.069207"><ele>499.178</ele><time>2025-06-28T20:13:42.015Z</time></trkpt><trkpt lat="25.226237" lon="-100.069166"><ele>499.159</ele><time>2025-06-28T20:13:56.015Z</time></trkpt><trkpt lat="25.226256" lon="-100.069120"><ele>499.187</ele><time>2025-06-28T20:14:03.015Z</time></trkpt><trkpt lat="25.226270" lon="-100.069069"><ele>499.231</ele><time>2025-06-28T20:14:10.015Z</time></trkpt><trkpt lat="25.226307" lon="-100.069032"><ele>499.382</ele><time>2025-06-28T20:14:16.015Z</time></trkpt><trkpt lat="25.226339" lon="-100.068988"><ele>499.412</ele><time>2025-06-28T20:14:22.015Z</time></trkpt><trkpt lat="25.226374" lon="-100.068943"><ele>499.522</ele><time>2025-06-28T20:14:28.015Z</time></trkpt><trkpt lat="25.226414" lon="-100.068911"><ele>499.655</ele><time>2025-06-28T20:14:44.015Z</time></trkpt><trkpt lat="25.226424" lon="-100.068859"><ele>499.652</ele><time>2025-06-28T20:14:50.015Z</time></trkpt><trkpt lat="25.226441" lon="-100.068805"><ele>499.753</ele><time>2025-06-28T20:14:56.015Z</time></trkpt><trkpt lat="25.226446" lon="-100.068747"><ele>499.808</ele><time>2025-06-28T20:15:02.015Z</time></trkpt><trkpt lat="25.226453" lon="-100.068691"><ele>499.809</ele><time>2025-06-28T20:15:08.015Z</time></trkpt><trkpt lat="25.226448" lon="-100.068633"><ele>499.887</ele><time>2025-06-28T20:15:14.015Z</time></trkpt><trkpt lat="25.226486" lon="-100.068598"><ele>499.981</ele><time>2025-06-28T20:15:21.015Z</time></trkpt><trkpt lat="25.226513" lon="-100.068550"><ele>499.992</ele><time>2025-06-28T20:15:25.015Z</time></trkpt><trkpt lat="25.226535" lon="-100.068503"><ele>500.010</ele><time>2025-06-28T20:15:32.015Z</time></trkpt><trkpt lat="25.226593" lon="-100.068503"><ele>500.034</ele><time>2025-06-28T20:15:36.015Z</time></trkpt><trkpt lat="25.226636" lon="-100.068464"><ele>500.045</ele><time>2025-06-28T20:15:44.015Z</time></trkpt><trkpt lat="25.226647" lon="-100.068401"><ele>500.035</ele><time>2025-06-28T20:15:49.015Z</time></trkpt><trkpt lat="25.226679" lon="-100.068356"><ele>500.015</ele><time>2025-06-28T20:15:53.015Z</time></trkpt><trkpt lat="25.226727" lon="-100.068324"><ele>500.018</ele><time>2025-06-28T20:15:58.015Z</time></trkpt><trkpt lat="25.226754" lon="-100.068272"><ele>499.992</ele><time>2025-06-28T20:16:04.015Z</time></trkpt><trkpt lat="25.226794" lon="-100.068239"><ele>499.973</ele><time>2025-06-28T20:16:09.015Z</time></trkpt><trkpt lat="25.226813" lon="-100.068190"><ele>499.920</ele><time>2025-06-28T20:16:15.015Z</time></trkpt><trkpt lat="25.226818" lon="-100.068138"><ele>499.909</ele><time>2025-06-28T20:16:21.015Z</time></trkpt><trkpt lat="25.226862" lon="-100.068104"><ele>500.131</ele><time>2025-06-28T20:16:26.015Z</time></trkpt><trkpt lat="25.226901" lon="-100.068076"><ele>500.635</ele><time>2025-06-28T20:16:31.015Z</time></trkpt><trkpt lat="25.226943" lon="-100.068045"><ele>501.056</ele><time>2025-06-28T20:16:36.015Z</time></trkpt><trkpt lat="25.226988" lon="-100.068009"><ele>501.034</ele><time>2025-06-28T20:16:42.015Z</time></trkpt><trkpt lat="25.227029" lon="-100.067969"><ele>501.078</ele><time>2025-06-28T20:16:47.015Z</time></trkpt><trkpt lat="25.227072" lon="-100.067922"><ele>501.049</ele><time>2025-06-28T20:16:53.015Z</time></trkpt><trkpt lat="25.227116" lon="-100.067905"><ele>500.889</ele><time>2025-06-28T20:16:58.015Z</time></trkpt><trkpt lat="25.227151" lon="-100.067864"><ele>500.699</ele><time>2025-06-28T20:17:03.015Z</time></trkpt><trkpt lat="25.227207" lon="-100.067842"><ele>500.432</ele><time>2025-06-28T20:17:09.015Z</time></trkpt><trkpt lat="25.227267" lon="-100.067811"><ele>500.351</ele><time>2025-06-28T20:17:15.015Z</time></trkpt><trkpt lat="25.227306" lon="-100.067775"><ele>500.201</ele><time>2025-06-28T20:17:20.015Z</time></trkpt><trkpt lat="25.227349" lon="-100.067758"><ele>500.011</ele><time>2025-06-28T20:17:26.015Z</time></trkpt><trkpt lat="25.227427" lon="-100.067771"><ele>499.809</ele><time>2025-06-28T20:17:33.015Z</time></trkpt><trkpt lat="25.227456" lon="-100.067715"><ele>499.627</ele><time>2025-06-28T20:17:39.015Z</time></trkpt><trkpt lat="25.227492" lon="-100.067682"><ele>499.371</ele><time>2025-06-28T20:17:43.015Z</time></trkpt><trkpt lat="25.227533" lon="-100.067645"><ele>499.062</ele><time>2025-06-28T20:17:49.015Z</time></trkpt><trkpt lat="25.227577" lon="-100.067621"><ele>499.030</ele><time>2025-06-28T20:17:54.016Z</time></trkpt><trkpt lat="25.227590" lon="-100.067540"><ele>499.074</ele><time>2025-06-28T20:17:59.016Z</time></trkpt><trkpt lat="25.227634" lon="-100.067513"><ele>499.075</ele><time>2025-06-28T20:18:04.016Z</time></trkpt><trkpt lat="25.227669" lon="-100.067477"><ele>499.025</ele><time>2025-06-28T20:18:07.016Z</time></trkpt><trkpt lat="25.227714" lon="-100.067455"><ele>499.015</ele><time>2025-06-28T20:18:12.016Z</time></trkpt><trkpt lat="25.227741" lon="-100.067407"><ele>498.958</ele><time>2025-06-28T20:18:16.016Z</time></trkpt><trkpt lat="25.227772" lon="-100.067358"><ele>498.944</ele><time>2025-06-28T20:18:22.016Z</time></trkpt><trkpt lat="25.227799" lon="-100.067317"><ele>498.705</ele><time>2025-06-28T20:18:26.016Z</time></trkpt><trkpt lat="25.227809" lon="-100.067260"><ele>498.615</ele><time>2025-06-28T20:18:33.016Z</time></trkpt><trkpt lat="25.227843" lon="-100.067218"><ele>498.609</ele><time>2025-06-28T20:18:39.016Z</time></trkpt><trkpt lat="25.227873" lon="-100.067175"><ele>498.666</ele><time>2025-06-28T20:18:48.016Z</time></trkpt><trkpt lat="25.227897" lon="-100.067129"><ele>498.660</ele><time>2025-06-28T20:18:53.016Z</time></trkpt><trkpt lat="25.227928" lon="-100.067090"><ele>498.891</ele><time>2025-06-28T20:18:58.016Z</time></trkpt><trkpt lat="25.227952" lon="-100.067034"><ele>498.999</ele><time>2025-06-28T20:19:03.016Z</time></trkpt><trkpt lat="25.227947" lon="-100.066984"><ele>498.993</ele><time>2025-06-28T20:19:08.016Z</time></trkpt><trkpt lat="25.227937" lon="-100.066924"><ele>498.944</ele><time>2025-06-28T20:19:13.016Z</time></trkpt><trkpt lat="25.227899" lon="-100.066871"><ele>498.984</ele><time>2025-06-28T20:19:18.016Z</time></trkpt><trkpt lat="25.227901" lon="-100.066819"><ele>499.044</ele><time>2025-06-28T20:19:23.016Z</time></trkpt><trkpt lat="25.227913" lon="-100.066762"><ele>499.287</ele><time>2025-06-28T20:19:31.016Z</time></trkpt><trkpt lat="25.227868" lon="-100.066751"><ele>499.475</ele><time>2025-06-28T20:19:41.016Z</time></trkpt><trkpt lat="25.227863" lon="-100.066694"><ele>499.528</ele><time>2025-06-28T20:20:22.017Z</time></trkpt><trkpt lat="25.227841" lon="-100.066646"><ele>499.620</ele><time>2025-06-28T20:20:32.017Z</time></trkpt><trkpt lat="25.227891" lon="-100.066640"><ele>499.809</ele><time>2025-06-28T20:20:38.017Z</time></trkpt><trkpt lat="25.227927" lon="-100.066677"><ele>499.849</ele><time>2025-06-28T20:20:45.017Z</time></trkpt><trkpt lat="25.227972" lon="-100.066667"><ele>499.873</ele><time>2025-06-28T20:20:51.017Z</time></trkpt><trkpt lat="25.228020" lon="-100.066682"><ele>499.844</ele><time>2025-06-28T20:21:00.017Z</time></trkpt><trkpt lat="25.228043" lon="-100.066725"><ele>499.832</ele><time>2025-06-28T20:21:32.017Z</time></trkpt><trkpt lat="25.228075" lon="-100.066764"><ele>499.846</ele><time>2025-06-28T20:22:15.018Z</time></trkpt><trkpt lat="25.228047" lon="-100.066715"><ele>499.877</ele><time>2025-06-28T20:23:08.017Z</time></trkpt><trkpt lat="25.228003" lon="-100.066735"><ele>499.857</ele><time>2025-06-28T20:23:34.017Z</time></trkpt><trkpt lat="25.227959" lon="-100.066747"><ele>499.977</ele><time>2025-06-28T20:24:30.017Z</time></trkpt><trkpt lat="25.227910" lon="-100.066746"><ele>499.930</ele><time>2025-06-28T20:24:36.017Z</time></trkpt><trkpt lat="25.227885" lon="-100.066691"><ele>499.975</ele><time>2025-06-28T20:24:43.017Z</time></trkpt><trkpt lat="25.227865" lon="-100.066640"><ele>499.928</ele><time>2025-06-28T20:24:47.017Z</time></trkpt><trkpt lat="25.227827" lon="-100.066605"><ele>500.020</ele><time>2025-06-28T20:24:56.017Z</time></trkpt><trkpt lat="25.227773" lon="-100.066597"><ele>500.009</ele><time>2025-06-28T20:25:04.017Z</time></trkpt><trkpt lat="25.227727" lon="-100.066596"><ele>500.159</ele><time>2025-06-28T20:25:08.017Z</time></trkpt><trkpt lat="25.227684" lon="-100.066569"><ele>500.413</ele><time>2025-06-28T20:25:11.017Z</time></trkpt><trkpt lat="25.227645" lon="-100.066522"><ele>500.464</ele><time>2025-06-28T20:25:18.017Z</time></trkpt><trkpt lat="25.227597" lon="-100.066541"><ele>500.452</ele><time>2025-06-28T20:25:25.017Z</time></trkpt><trkpt lat="25.227552" lon="-100.066519"><ele>500.426</ele><time>2025-06-28T20:25:29.017Z</time></trkpt><trkpt lat="25.227498" lon="-100.066509"><ele>500.067</ele><time>2025-06-28T20:25:35.017Z</time></trkpt><trkpt lat="25.227454" lon="-100.066484"><ele>499.887</ele><time>2025-06-28T20:25:39.017Z</time></trkpt><trkpt lat="25.227414" lon="-100.066457"><ele>499.617</ele><time>2025-06-28T20:25:44.017Z</time></trkpt><trkpt lat="25.227368" lon="-100.066439"><ele>499.350</ele><time>2025-06-28T20:25:51.017Z</time></trkpt><trkpt lat="25.227327" lon="-100.066415"><ele>499.071</ele><time>2025-06-28T20:25:55.017Z</time></trkpt><trkpt lat="25.227281" lon="-100.066411"><ele>498.841</ele><time>2025-06-28T20:26:01.017Z</time></trkpt><trkpt lat="25.227237" lon="-100.066389"><ele>498.815</ele><time>2025-06-28T20:26:07.017Z</time></trkpt><trkpt lat="25.227192" lon="-100.066415"><ele>498.709</ele><time>2025-06-28T20:26:13.017Z</time></trkpt><trkpt lat="25.227158" lon="-100.066373"><ele>498.669</ele><time>2025-06-28T20:26:21.018Z</time></trkpt><trkpt lat="25.227125" lon="-100.066327"><ele>498.673</ele><time>2025-06-28T20:26:31.018Z</time></trkpt><trkpt lat="25.227092" lon="-100.066289"><ele>498.654</ele><time>2025-06-28T20:26:40.018Z</time></trkpt><trkpt lat="25.227066" lon="-100.066248"><ele>498.612</ele><time>2025-06-28T20:26:57.018Z</time></trkpt><trkpt lat="25.227038" lon="-100.066206"><ele>498.656</ele><time>2025-06-28T20:27:07.018Z</time></trkpt><trkpt lat="25.226988" lon="-100.066214"><ele>498.617</ele><time>2025-06-28T20:27:17.018Z</time></trkpt><trkpt lat="25.226934" lon="-100.066214"><ele>498.647</ele><time>2025-06-28T20:27:23.018Z</time></trkpt><trkpt lat="25.226895" lon="-100.066185"><ele>498.727</ele><time>2025-06-28T20:27:28.018Z</time></trkpt><trkpt lat="25.226846" lon="-100.066180"><ele>498.880</ele><time>2025-06-28T20:27:34.018Z</time></trkpt><trkpt lat="25.226797" lon="-100.066186"><ele>498.829</ele><time>2025-06-28T20:27:42.018Z</time></trkpt><trkpt lat="25.226749" lon="-100.066198"><ele>498.800</ele><time>2025-06-28T20:27:50.018Z</time></trkpt><trkpt lat="25.226694" lon="-100.066206"><ele>498.820</ele><time>2025-06-28T20:28:03.018Z</time></trkpt><trkpt lat="25.226639" lon="-100.066223"><ele>498.809</ele><time>2025-06-28T20:28:12.018Z</time></trkpt><trkpt lat="25.226592" lon="-100.066229"><ele>498.894</ele><time>2025-06-28T20:28:19.018Z</time></trkpt><trkpt lat="25.226543" lon="-100.066240"><ele>498.888</ele><time>2025-06-28T20:28:30.018Z</time></trkpt><trkpt lat="25.226493" lon="-100.066236"><ele>498.879</ele><time>2025-06-28T20:28:35.018Z</time></trkpt><trkpt lat="25.226447" lon="-100.066241"><ele>498.817</ele><time>2025-06-28T20:28:41.018Z</time></trkpt><trkpt lat="25.226394" lon="-100.066232"><ele>498.771</ele><time>2025-06-28T20:28:46.018Z</time></trkpt><trkpt lat="25.226351" lon="-100.066216"><ele>498.612</ele><time>2025-06-28T20:28:55.018Z</time></trkpt><trkpt lat="25.226307" lon="-100.066202"><ele>498.612</ele><time>2025-06-28T20:29:04.018Z</time></trkpt><trkpt lat="25.226278" lon="-100.066241"><ele>498.622</ele><time>2025-06-28T20:29:21.018Z</time></trkpt><trkpt lat="25.226224" lon="-100.066232"><ele>498.635</ele><time>2025-06-28T20:29:30.018Z</time></trkpt><trkpt lat="25.226192" lon="-100.066190"><ele>498.612</ele><time>2025-06-28T20:29:36.018Z</time></trkpt><trkpt lat="25.226146" lon="-100.066174"><ele>498.632</ele><time>2025-06-28T20:29:41.018Z</time></trkpt><trkpt lat="25.226105" lon="-100.066141"><ele>498.605</ele><time>2025-06-28T20:29:46.018Z</time></trkpt><trkpt lat="25.226067" lon="-100.066113"><ele>498.609</ele><time>2025-06-28T20:29:50.018Z</time></trkpt><trkpt lat="25.226010" lon="-100.066094"><ele>498.613</ele><time>2025-06-28T20:29:59.018Z</time></trkpt><trkpt lat="25.225964" lon="-100.066073"><ele>498.627</ele><time>2025-06-28T20:30:05.018Z</time></trkpt><trkpt lat="25.225914" lon="-100.066084"><ele>498.628</ele><time>2025-06-28T20:30:11.018Z</time></trkpt><trkpt lat="25.225874" lon="-100.066114"><ele>498.646</ele><time>2025-06-28T20:30:18.018Z</time></trkpt><trkpt lat="25.225821" lon="-100.066128"><ele>498.640</ele><time>2025-06-28T20:30:24.018Z</time></trkpt><trkpt lat="25.225773" lon="-100.066118"><ele>498.551</ele><time>2025-06-28T20:30:30.018Z</time></trkpt><trkpt lat="25.225721" lon="-100.066119"><ele>498.471</ele><time>2025-06-28T20:30:37.018Z</time></trkpt><trkpt lat="25.225658" lon="-100.066121"><ele>498.221</ele><time>2025-06-28T20:30:44.018Z</time></trkpt><trkpt lat="25.225619" lon="-100.066091"><ele>498.124</ele><time>2025-06-28T20:30:50.018Z</time></trkpt><trkpt lat="25.225580" lon="-100.066064"><ele>498.133</ele><time>2025-06-28T20:30:57.018Z</time></trkpt><trkpt lat="25.225532" lon="-100.066066"><ele>498.123</ele><time>2025-06-28T20:31:03.018Z</time></trkpt><trkpt lat="25.225485" lon="-100.066072"><ele>498.115</ele><time>2025-06-28T20:31:08.018Z</time></trkpt><trkpt lat="25.225435" lon="-100.066053"><ele>498.109</ele><time>2025-06-28T20:31:14.018Z</time></trkpt><trkpt lat="25.225405" lon="-100.066014"><ele>497.975</ele><time>2025-06-28T20:31:20.018Z</time></trkpt><trkpt lat="25.225369" lon="-100.065977"><ele>497.989</ele><time>2025-06-28T20:31:26.018Z</time></trkpt><trkpt lat="25.225320" lon="-100.065966"><ele>497.990</ele><time>2025-06-28T20:31:32.018Z</time></trkpt><trkpt lat="25.225275" lon="-100.065957"><ele>498.058</ele><time>2025-06-28T20:31:38.018Z</time></trkpt><trkpt lat="25.225229" lon="-100.065945"><ele>498.322</ele><time>2025-06-28T20:31:43.018Z</time></trkpt><trkpt lat="25.225185" lon="-100.065925"><ele>498.343</ele><time>2025-06-28T20:31:48.018Z</time></trkpt><trkpt lat="25.225138" lon="-100.065907"><ele>498.383</ele><time>2025-06-28T20:31:53.018Z</time></trkpt><trkpt lat="25.225093" lon="-100.065882"><ele>498.333</ele><time>2025-06-28T20:31:58.018Z</time></trkpt><trkpt lat="25.225055" lon="-100.065848"><ele>498.356</ele><time>2025-06-28T20:32:03.018Z</time></trkpt><trkpt lat="25.224996" lon="-100.065816"><ele>498.227</ele><time>2025-06-28T20:32:09.018Z</time></trkpt><trkpt lat="25.224957" lon="-100.065789"><ele>498.068</ele><time>2025-06-28T20:32:15.018Z</time></trkpt><trkpt lat="25.224911" lon="-100.065771"><ele>497.814</ele><time>2025-06-28T20:32:22.018Z</time></trkpt><trkpt lat="25.224868" lon="-100.065737"><ele>497.609</ele><time>2025-06-28T20:32:27.018Z</time></trkpt><trkpt lat="25.224821" lon="-100.065707"><ele>497.364</ele><time>2025-06-28T20:32:32.018Z</time></trkpt><trkpt lat="25.224772" lon="-100.065679"><ele>496.918</ele><time>2025-06-28T20:32:37.018Z</time></trkpt><trkpt lat="25.224728" lon="-100.065662"><ele>496.679</ele><time>2025-06-28T20:32:42.018Z</time></trkpt><trkpt lat="25.224678" lon="-100.065655"><ele>496.597</ele><time>2025-06-28T20:32:48.018Z</time></trkpt><trkpt lat="25.224630" lon="-100.065653"><ele>496.551</ele><time>2025-06-28T20:32:54.018Z</time></trkpt><trkpt lat="25.224579" lon="-100.065641"><ele>496.552</ele><time>2025-06-28T20:33:00.018Z</time></trkpt><trkpt lat="25.224550" lon="-100.065600"><ele>496.662</ele><time>2025-06-28T20:33:05.018Z</time></trkpt><trkpt lat="25.224540" lon="-100.065543"><ele>496.842</ele><time>2025-06-28T20:33:11.018Z</time></trkpt><trkpt lat="25.224530" lon="-100.065483"><ele>496.865</ele><time>2025-06-28T20:33:16.018Z</time></trkpt><trkpt lat="25.224493" lon="-100.065441"><ele>496.891</ele><time>2025-06-28T20:33:22.018Z</time></trkpt><trkpt lat="25.224470" lon="-100.065398"><ele>496.881</ele><time>2025-06-28T20:33:28.018Z</time></trkpt><trkpt lat="25.224450" lon="-100.065350"><ele>496.819</ele><time>2025-06-28T20:33:34.018Z</time></trkpt><trkpt lat="25.224432" lon="-100.065298"><ele>496.809</ele><time>2025-06-28T20:33:40.018Z</time></trkpt><trkpt lat="25.224442" lon="-100.065249"><ele>496.771</ele><time>2025-06-28T20:33:46.018Z</time></trkpt><trkpt lat="25.224432" lon="-100.065200"><ele>496.775</ele><time>2025-06-28T20:33:52.018Z</time></trkpt><trkpt lat="25.224421" lon="-100.065146"><ele>496.776</ele><time>2025-06-28T20:33:58.018Z</time></trkpt><trkpt lat="25.224405" lon="-100.065090"><ele>496.674</ele><time>2025-06-28T20:34:05.018Z</time></trkpt><trkpt lat="25.224389" lon="-100.065037"><ele>496.788</ele><time>2025-06-28T20:34:13.018Z</time></trkpt><trkpt lat="25.224389" lon="-100.064984"><ele>496.999</ele><time>2025-06-28T20:34:56.018Z</time></trkpt><trkpt lat="25.224376" lon="-100.064932"><ele>496.989</ele><time>2025-06-28T20:35:09.018Z</time></trkpt><trkpt lat="25.224373" lon="-100.064882"><ele>496.849</ele><time>2025-06-28T20:35:15.018Z</time></trkpt><trkpt lat="25.224361" lon="-100.064831"><ele>496.882</ele><time>2025-06-28T20:35:23.018Z</time></trkpt><trkpt lat="25.224396" lon="-100.064789"><ele>496.892</ele><time>2025-06-28T20:35:55.018Z</time></trkpt><trkpt lat="25.224363" lon="-100.064749"><ele>496.873</ele><time>2025-06-28T20:36:12.018Z</time></trkpt><trkpt lat="25.224353" lon="-100.064699"><ele>496.820</ele><time>2025-06-28T20:36:29.018Z</time></trkpt><trkpt lat="25.224351" lon="-100.064647"><ele>496.709</ele><time>2025-06-28T20:36:36.018Z</time></trkpt><trkpt lat="25.224340" lon="-100.064592"><ele>496.791</ele><time>2025-06-28T20:36:45.018Z</time></trkpt><trkpt lat="25.224341" lon="-100.064540"><ele>496.645</ele><time>2025-06-28T20:36:54.018Z</time></trkpt><trkpt lat="25.224340" lon="-100.064488"><ele>496.586</ele><time>2025-06-28T20:37:00.018Z</time></trkpt><trkpt lat="25.224331" lon="-100.064438"><ele>496.334</ele><time>2025-06-28T20:37:06.018Z</time></trkpt><trkpt lat="25.224337" lon="-100.064385"><ele>496.218</ele><time>2025-06-28T20:37:12.018Z</time></trkpt><trkpt lat="25.224327" lon="-100.064334"><ele>496.139</ele><time>2025-06-28T20:37:18.018Z</time></trkpt><trkpt lat="25.224333" lon="-100.064283"><ele>496.079</ele><time>2025-06-28T20:37:24.018Z</time></trkpt><trkpt lat="25.224325" lon="-100.064230"><ele>495.939</ele><time>2025-06-28T20:37:30.018Z</time></trkpt><trkpt lat="25.224329" lon="-100.064175"><ele>495.832</ele><time>2025-06-28T20:37:36.018Z</time></trkpt><trkpt lat="25.224367" lon="-100.064143"><ele>495.626</ele><time>2025-06-28T20:37:41.018Z</time></trkpt><trkpt lat="25.224373" lon="-100.064086"><ele>495.547</ele><time>2025-06-28T20:37:47.018Z</time></trkpt><trkpt lat="25.224352" lon="-100.064036"><ele>495.511</ele><time>2025-06-28T20:37:54.018Z</time></trkpt><trkpt lat="25.224334" lon="-100.063981"><ele>495.509</ele><time>2025-06-28T20:38:03.018Z</time></trkpt><trkpt lat="25.224345" lon="-100.063929"><ele>495.514</ele><time>2025-06-28T20:38:10.018Z</time></trkpt><trkpt lat="25.224330" lon="-100.063877"><ele>495.538</ele><time>2025-06-28T20:38:16.018Z</time></trkpt><trkpt lat="25.224337" lon="-100.063824"><ele>495.579</ele><time>2025-06-28T20:38:21.018Z</time></trkpt><trkpt lat="25.224341" lon="-100.063768"><ele>495.517</ele><time>2025-06-28T20:38:29.018Z</time></trkpt><trkpt lat="25.224328" lon="-100.063713"><ele>495.591</ele><time>2025-06-28T20:38:35.018Z</time></trkpt><trkpt lat="25.224321" lon="-100.063658"><ele>495.582</ele><time>2025-06-28T20:38:43.018Z</time></trkpt><trkpt lat="25.224316" lon="-100.063606"><ele>495.572</ele><time>2025-06-28T20:38:50.018Z</time></trkpt><trkpt lat="25.224327" lon="-100.063558"><ele>495.592</ele><time>2025-06-28T20:38:55.018Z</time></trkpt><trkpt lat="25.224334" lon="-100.063509"><ele>495.545</ele><time>2025-06-28T20:39:00.018Z</time></trkpt><trkpt lat="25.224318" lon="-100.063456"><ele>495.562</ele><time>2025-06-28T20:39:10.018Z</time></trkpt><trkpt lat="25.224347" lon="-100.063414"><ele>495.583</ele><time>2025-06-28T20:39:16.018Z</time></trkpt><trkpt lat="25.224373" lon="-100.063368"><ele>495.511</ele><time>2025-06-28T20:39:24.018Z</time></trkpt><trkpt lat="25.224366" lon="-100.063315"><ele>495.509</ele><time>2025-06-28T20:39:35.018Z</time></trkpt><trkpt lat="25.224318" lon="-100.063331"><ele>495.698</ele><time>2025-06-28T20:39:47.018Z</time></trkpt><trkpt lat="25.224285" lon="-100.063367"><ele>495.662</ele><time>2025-06-28T20:39:57.018Z</time></trkpt><trkpt lat="25.224263" lon="-100.063414"><ele>495.693</ele><time>2025-06-28T20:40:09.018Z</time></trkpt><trkpt lat="25.224222" lon="-100.063391"><ele>495.681</ele><time>2025-06-28T20:40:25.018Z</time></trkpt><trkpt lat="25.224178" lon="-100.063368"><ele>495.595</ele><time>2025-06-28T20:40:31.018Z</time></trkpt><trkpt lat="25.224158" lon="-100.063324"><ele>495.526</ele><time>2025-06-28T20:40:50.018Z</time></trkpt><trkpt lat="25.224126" lon="-100.063284"><ele>495.476</ele><time>2025-06-28T20:40:56.018Z</time></trkpt><trkpt lat="25.224091" lon="-100.063244"><ele>495.476</ele><time>2025-06-28T20:41:23.018Z</time></trkpt><trkpt lat="25.224070" lon="-100.063196"><ele>495.449</ele><time>2025-06-28T20:41:32.018Z</time></trkpt><trkpt lat="25.224020" lon="-100.063166"><ele>495.414</ele><time>2025-06-28T20:41:41.018Z</time></trkpt><trkpt lat="25.223983" lon="-100.063131"><ele>495.454</ele><time>2025-06-28T20:41:46.018Z</time></trkpt><trkpt lat="25.223950" lon="-100.063093"><ele>495.409</ele><time>2025-06-28T20:41:51.018Z</time></trkpt><trkpt lat="25.223925" lon="-100.063041"><ele>495.609</ele><time>2025-06-28T20:41:56.018Z</time></trkpt><trkpt lat="25.223903" lon="-100.062992"><ele>495.843</ele><time>2025-06-28T20:42:01.018Z</time></trkpt><trkpt lat="25.223890" lon="-100.062930"><ele>496.157</ele><time>2025-06-28T20:42:06.018Z</time></trkpt><trkpt lat="25.223901" lon="-100.062874"><ele>496.528</ele><time>2025-06-28T20:42:11.018Z</time></trkpt><trkpt lat="25.223922" lon="-100.062830"><ele>496.856</ele><time>2025-06-28T20:42:14.018Z</time></trkpt><trkpt lat="25.223897" lon="-100.062774"><ele>496.930</ele><time>2025-06-28T20:42:19.018Z</time></trkpt><trkpt lat="25.223910" lon="-100.062715"><ele>496.931</ele><time>2025-06-28T20:42:24.018Z</time></trkpt><trkpt lat="25.223910" lon="-100.062657"><ele>496.971</ele><time>2025-06-28T20:42:28.018Z</time></trkpt><trkpt lat="25.223916" lon="-100.062604"><ele>496.931</ele><time>2025-06-28T20:42:32.018Z</time></trkpt><trkpt lat="25.223934" lon="-100.062553"><ele>496.974</ele><time>2025-06-28T20:42:36.018Z</time></trkpt><trkpt lat="25.223949" lon="-100.062506"><ele>496.889</ele><time>2025-06-28T20:42:41.018Z</time></trkpt><trkpt lat="25.223971" lon="-100.062570"><ele>496.706</ele><time>2025-06-28T20:42:49.018Z</time></trkpt><trkpt lat="25.223967" lon="-100.062517"><ele>496.626</ele><time>2025-06-28T20:42:54.018Z</time></trkpt><trkpt lat="25.223949" lon="-100.062468"><ele>496.509</ele><time>2025-06-28T20:42:58.018Z</time></trkpt><trkpt lat="25.223967" lon="-100.062420"><ele>496.420</ele><time>2025-06-28T20:43:02.018Z</time></trkpt><trkpt lat="25.223968" lon="-100.062354"><ele>496.454</ele><time>2025-06-28T20:43:08.017Z</time></trkpt><trkpt lat="25.223971" lon="-100.062291"><ele>496.425</ele><time>2025-06-28T20:43:12.017Z</time></trkpt><trkpt lat="25.223959" lon="-100.062233"><ele>496.523</ele><time>2025-06-28T20:43:17.017Z</time></trkpt><trkpt lat="25.223970" lon="-100.062180"><ele>496.617</ele><time>2025-06-28T20:43:21.017Z</time></trkpt><trkpt lat="25.223987" lon="-100.062229"><ele>496.618</ele><time>2025-06-28T20:43:32.017Z</time></trkpt><trkpt lat="25.223977" lon="-100.062278"><ele>496.668</ele><time>2025-06-28T20:43:37.017Z</time></trkpt><trkpt lat="25.224010" lon="-100.062313"><ele>496.678</ele><time>2025-06-28T20:43:41.017Z</time></trkpt><trkpt lat="25.224002" lon="-100.062255"><ele>496.691</ele><time>2025-06-28T20:44:09.017Z</time></trkpt><trkpt lat="25.223988" lon="-100.062203"><ele>496.644</ele><time>2025-06-28T20:44:13.017Z</time></trkpt><trkpt lat="25.223990" lon="-100.062148"><ele>496.605</ele><time>2025-06-28T20:44:18.017Z</time></trkpt><trkpt lat="25.224018" lon="-100.062106"><ele>496.615</ele><time>2025-06-28T20:44:21.017Z</time></trkpt><trkpt lat="25.224047" lon="-100.062052"><ele>496.609</ele><time>2025-06-28T20:44:26.017Z</time></trkpt><trkpt lat="25.224066" lon="-100.061999"><ele>496.636</ele><time>2025-06-28T20:44:33.017Z</time></trkpt><trkpt lat="25.224060" lon="-100.061945"><ele>496.780</ele><time>2025-06-28T20:44:37.017Z</time></trkpt><trkpt lat="25.224060" lon="-100.061894"><ele>496.761</ele><time>2025-06-28T20:44:41.017Z</time></trkpt><trkpt lat="25.224085" lon="-100.061852"><ele>496.769</ele><time>2025-06-28T20:44:45.017Z</time></trkpt><trkpt lat="25.224071" lon="-100.061797"><ele>496.853</ele><time>2025-06-28T20:44:51.017Z</time></trkpt><trkpt lat="25.224103" lon="-100.061755"><ele>496.834</ele><time>2025-06-28T20:44:57.017Z</time></trkpt><trkpt lat="25.224126" lon="-100.061704"><ele>496.844</ele><time>2025-06-28T20:45:03.017Z</time></trkpt><trkpt lat="25.224165" lon="-100.061668"><ele>496.854</ele><time>2025-06-28T20:45:07.017Z</time></trkpt><trkpt lat="25.224188" lon="-100.061624"><ele>496.837</ele><time>2025-06-28T20:45:11.017Z</time></trkpt><trkpt lat="25.224186" lon="-100.061565"><ele>496.861</ele><time>2025-06-28T20:45:16.017Z</time></trkpt><trkpt lat="25.224201" lon="-100.061613"><ele>496.821</ele><time>2025-06-28T20:45:29.017Z</time></trkpt><trkpt lat="25.224198" lon="-100.061558"><ele>496.813</ele><time>2025-06-28T20:45:35.017Z</time></trkpt><trkpt lat="25.224222" lon="-100.061509"><ele>496.809</ele><time>2025-06-28T20:45:40.017Z</time></trkpt><trkpt lat="25.224231" lon="-100.061456"><ele>496.888</ele><time>2025-06-28T20:45:44.017Z</time></trkpt><trkpt lat="25.224241" lon="-100.061404"><ele>496.762</ele><time>2025-06-28T20:45:49.017Z</time></trkpt><trkpt lat="25.224272" lon="-100.061361"><ele>496.413</ele><time>2025-06-28T20:45:54.017Z</time></trkpt><trkpt lat="25.224300" lon="-100.061315"><ele>496.111</ele><time>2025-06-28T20:46:01.017Z</time></trkpt><trkpt lat="25.224308" lon="-100.061258"><ele>496.095</ele><time>2025-06-28T20:46:04.017Z</time></trkpt><trkpt lat="25.224332" lon="-100.061210"><ele>495.836</ele><time>2025-06-28T20:46:08.017Z</time></trkpt><trkpt lat="25.224361" lon="-100.061164"><ele>495.546</ele><time>2025-06-28T20:46:16.017Z</time></trkpt><trkpt lat="25.224407" lon="-100.061127"><ele>495.576</ele><time>2025-06-28T20:46:22.017Z</time></trkpt><trkpt lat="25.224429" lon="-100.061079"><ele>495.559</ele><time>2025-06-28T20:46:27.017Z</time></trkpt><trkpt lat="25.224466" lon="-100.061036"><ele>495.593</ele><time>2025-06-28T20:46:32.017Z</time></trkpt><trkpt lat="25.224479" lon="-100.060987"><ele>495.765</ele><time>2025-06-28T20:46:39.017Z</time></trkpt><trkpt lat="25.224488" lon="-100.060931"><ele>495.821</ele><time>2025-06-28T20:46:45.017Z</time></trkpt><trkpt lat="25.224492" lon="-100.060873"><ele>495.909</ele><time>2025-06-28T20:46:51.017Z</time></trkpt><trkpt lat="25.224502" lon="-100.060817"><ele>496.331</ele><time>2025-06-28T20:47:17.017Z</time></trkpt><trkpt lat="25.224526" lon="-100.060767"><ele>496.845</ele><time>2025-06-28T20:47:32.017Z</time></trkpt><trkpt lat="25.224544" lon="-100.060716"><ele>497.336</ele><time>2025-06-28T20:47:44.017Z</time></trkpt><trkpt lat="25.224583" lon="-100.060742"><ele>497.564</ele><time>2025-06-28T20:48:04.017Z</time></trkpt><trkpt lat="25.224548" lon="-100.060776"><ele>497.548</ele><time>2025-06-28T20:48:17.017Z</time></trkpt><trkpt lat="25.224560" lon="-100.060725"><ele>497.529</ele><time>2025-06-28T20:48:23.017Z</time></trkpt><trkpt lat="25.224578" lon="-100.060673"><ele>497.379</ele><time>2025-06-28T20:48:35.017Z</time></trkpt><trkpt lat="25.224601" lon="-100.060627"><ele>497.389</ele><time>2025-06-28T20:48:38.017Z</time></trkpt><trkpt lat="25.224627" lon="-100.060586"><ele>497.372</ele><time>2025-06-28T20:48:43.017Z</time></trkpt><trkpt lat="25.224650" lon="-100.060539"><ele>497.354</ele><time>2025-06-28T20:48:48.017Z</time></trkpt><trkpt lat="25.224679" lon="-100.060498"><ele>497.356</ele><time>2025-06-28T20:48:53.017Z</time></trkpt><trkpt lat="25.224711" lon="-100.060458"><ele>497.311</ele><time>2025-06-28T20:48:57.017Z</time></trkpt><trkpt lat="25.224747" lon="-100.060425"><ele>497.309</ele><time>2025-06-28T20:49:03.017Z</time></trkpt><trkpt lat="25.224794" lon="-100.060402"><ele>497.357</ele><time>2025-06-28T20:49:09.017Z</time></trkpt><trkpt lat="25.224832" lon="-100.060372"><ele>497.391</ele><time>2025-06-28T20:49:44.017Z</time></trkpt><trkpt lat="25.224833" lon="-100.060314"><ele>497.252</ele><time>2025-06-28T20:49:50.017Z</time></trkpt><trkpt lat="25.224881" lon="-100.060320"><ele>497.260</ele><time>2025-06-28T20:51:32.017Z</time></trkpt><trkpt lat="25.224934" lon="-100.060312"><ele>497.134</ele><time>2025-06-28T20:51:37.017Z</time></trkpt><trkpt lat="25.224895" lon="-100.060279"><ele>497.155</ele><time>2025-06-28T20:52:16.017Z</time></trkpt><trkpt lat="25.224937" lon="-100.060305"><ele>497.215</ele><time>2025-06-28T20:52:30.017Z</time></trkpt><trkpt lat="25.224988" lon="-100.060294"><ele>497.255</ele><time>2025-06-28T20:52:37.017Z</time></trkpt><trkpt lat="25.224954" lon="-100.060328"><ele>497.238</ele><time>2025-06-28T20:52:51.017Z</time></trkpt><trkpt lat="25.224905" lon="-100.060342"><ele>497.143</ele><time>2025-06-28T20:52:56.017Z</time></trkpt><trkpt lat="25.224948" lon="-100.060317"><ele>497.164</ele><time>2025-06-28T20:53:10.017Z</time></trkpt><trkpt lat="25.224994" lon="-100.060281"><ele>497.010</ele><time>2025-06-28T20:53:14.017Z</time></trkpt><trkpt lat="25.225038" lon="-100.060263"><ele>496.909</ele><time>2025-06-28T20:53:29.017Z</time></trkpt><trkpt lat="25.225085" lon="-100.060250"><ele>496.816</ele><time>2025-06-28T20:53:51.017Z</time></trkpt><trkpt lat="25.225100" lon="-100.060305"><ele>496.530</ele><time>2025-06-28T20:53:54.017Z</time></trkpt><trkpt lat="25.225148" lon="-100.060292"><ele>496.131</ele><time>2025-06-28T20:54:01.017Z</time></trkpt><trkpt lat="25.225197" lon="-100.060276"><ele>496.059</ele><time>2025-06-28T20:54:30.017Z</time></trkpt><trkpt lat="25.225191" lon="-100.060225"><ele>495.513</ele><time>2025-06-28T20:54:50.017Z</time></trkpt><trkpt lat="25.225219" lon="-100.060181"><ele>494.354</ele><time>2025-06-28T20:54:58.017Z</time></trkpt><trkpt lat="25.225266" lon="-100.060177"><ele>493.724</ele><time>2025-06-28T20:55:10.017Z</time></trkpt><trkpt lat="25.225297" lon="-100.060135"><ele>493.774</ele><time>2025-06-28T20:55:16.017Z</time></trkpt><trkpt lat="25.225331" lon="-100.060102"><ele>493.797</ele><time>2025-06-28T20:55:21.017Z</time></trkpt><trkpt lat="25.225364" lon="-100.060061"><ele>493.874</ele><time>2025-06-28T20:55:27.017Z</time></trkpt><trkpt lat="25.225394" lon="-100.060017"><ele>493.856</ele><time>2025-06-28T20:55:37.017Z</time></trkpt><trkpt lat="25.225408" lon="-100.059965"><ele>493.821</ele><time>2025-06-28T20:55:45.017Z</time></trkpt><trkpt lat="25.225440" lon="-100.059929"><ele>493.409</ele><time>2025-06-28T20:55:50.017Z</time></trkpt><trkpt lat="25.225481" lon="-100.059907"><ele>493.199</ele><time>2025-06-28T20:56:04.017Z</time></trkpt><trkpt lat="25.225528" lon="-100.059876"><ele>493.173</ele><time>2025-06-28T20:56:10.017Z</time></trkpt><trkpt lat="25.225576" lon="-100.059862"><ele>493.134</ele><time>2025-06-28T20:56:21.017Z</time></trkpt><trkpt lat="25.225614" lon="-100.059831"><ele>493.192</ele><time>2025-06-28T20:56:59.017Z</time></trkpt><trkpt lat="25.225564" lon="-100.059853"><ele>493.186</ele><time>2025-06-28T20:57:31.017Z</time></trkpt><trkpt lat="25.225540" lon="-100.059900"><ele>493.077</ele><time>2025-06-28T20:58:09.017Z</time></trkpt><trkpt lat="25.225495" lon="-100.059889"><ele>493.077</ele><time>2025-06-28T20:58:14.017Z</time></trkpt><trkpt lat="25.225509" lon="-100.059839"><ele>493.047</ele><time>2025-06-28T20:58:18.017Z</time></trkpt><trkpt lat="25.225509" lon="-100.059777"><ele>493.180</ele><time>2025-06-28T20:58:24.017Z</time></trkpt><trkpt lat="25.225531" lon="-100.059726"><ele>493.629</ele><time>2025-06-28T20:58:28.017Z</time></trkpt><trkpt lat="25.225540" lon="-100.059677"><ele>494.300</ele><time>2025-06-28T20:58:32.017Z</time></trkpt><trkpt lat="25.225541" lon="-100.059611"><ele>494.720</ele><time>2025-06-28T20:58:38.017Z</time></trkpt><trkpt lat="25.225580" lon="-100.059586"><ele>494.909</ele><time>2025-06-28T20:59:01.017Z</time></trkpt><trkpt lat="25.225577" lon="-100.059636"><ele>495.334</ele><time>2025-06-28T20:59:10.017Z</time></trkpt><trkpt lat="25.225559" lon="-100.059585"><ele>495.778</ele><time>2025-06-28T21:01:35.017Z</time></trkpt></trkseg></trk></gpx>